Row,Column,Field,Mean/s.d.,%SatPix,MaxCountRatio
B,04,001,1.3924,0.002193,0.3667
B,04,002,1.0577,0,0.4545
B,04,003,1.0986,0,0.4259
B,04,004,1.0747,0,0.75
B,04,005,1.2873,0,0.3889
B,04,006,1.0616,0,0.5897
B,04,007,0.9368,0,0.6333
B,04,008,0.8629,0,0.766
B,04,009,0.8358,0,0.7451
B,04,010,1.3456,0,0.3793
B,04,011,1.0019,0,0.5227
B,04,012,1.3226,0,0.2941
B,04,013,0.9237,0,0.6939
B,04,014,1.0541,0,0.6471
B,04,015,0.9795,0,0.5745
B,04,016,0.9079,0,0.7949
B,04,017,0.8828,0,0.6875
B,04,018,0.8846,0,0.6977
B,04,019,1.015,0,0.6471
B,04,020,1.2474,0,0.7143
B,04,021,1.3196,0,0.2619
B,04,022,1.1767,0,0.6471
B,04,023,1.2308,0,0.2571
B,04,024,1.1857,0,0.5278
B,04,025,1.0464,0,0.5238
B,04,026,1.1271,0,0.614
B,04,027,0.9669,0,0.7714
B,04,028,1.2442,0,0.4194
B,04,029,1.2172,0,0.4516
B,04,030,1.2125,0,0.5
B,04,031,0.9784,0,0.5116
B,04,032,1.4078,0,0.1842
B,04,033,1.0582,0,0.4634
B,04,034,1.316,0,0.4667
B,04,035,1.1239,0,0.6389
B,04,036,0.944,0,0.7222
B,04,037,1.1431,0,0.6
B,04,038,1.1901,0,0.4872
B,04,039,1.1807,0,0.3889
B,04,040,1.2969,0,0.5897
B,04,041,1.3687,0,0.4242
B,04,042,1.6571,0,0.6129
B,04,043,1.2111,0,0.5
B,04,044,0.8801,0,0.8077
B,04,045,1.1935,0,0.7857
B,04,046,1.1903,0,0.5
B,04,047,1.0472,0,0.5405
B,04,048,1.1341,0,0.5
B,04,049,1.5347,0,0.2973
B,04,050,1.4133,0,0.4286
B,04,051,1.2919,0,0.5
B,04,052,1.0568,0,0.5946
B,04,053,1.0836,0,0.6818
B,04,054,1.7844,0,0.3636
B,04,055,0.9456,0,0.5217
B,04,056,1.1971,0,0.6774
B,04,057,1.1938,0,0.5556
B,04,058,0.9224,0,0.6364
B,04,059,1.3021,0,0.6087
B,04,060,1.6996,0,0.3846
B,04,061,2.1048,0,0.5455
B,04,062,1.5449,0,0.5417
B,04,063,1.1152,0,0.4688
B,04,064,0.9858,0,0.6667
B,04,065,1.1118,0,0.5385
B,04,066,0.9351,0,0.6562
B,04,067,1.0712,0,0.4167
B,04,068,1.1111,0,0.5
B,04,069,1.5239,0,0.3684
B,04,070,1.6388,0,0.7857
B,04,071,1.1958,0,0.5526
B,04,072,0.9991,0,0.6829
B,04,073,0.9911,0,0.5278
B,04,074,1.2666,0,0.3469
B,04,075,1.1239,0,0.4412
B,04,076,1.0815,0,0.6296
B,04,077,1.1309,0,0.4872
B,04,078,1.0479,0,0.6923
B,04,079,1.0758,0,0.5526
B,04,080,0.9091,0,0.6905
B,04,081,0.8655,0,0.7436
B,05,001,1.0892,0,0.4151
B,05,002,0.9729,0,0.619
B,05,003,1.193,0,0.475
B,05,004,1.1454,0,0.7727
B,05,005,1.2208,0,0.4783
B,05,006,1.9047,0,0.7333
B,05,007,1.6635,0,0.4348
B,05,008,1.0134,0,0.8
B,05,009,1.5667,0,0.4545
B,05,010,0.9402,0,0.54
B,05,011,1.0015,0,0.6512
B,05,012,0.9433,0,0.6571
B,05,013,1.142,0,0.6429
B,05,014,1.7233,0,0.8
B,05,015,1.6252,0,0.6923
B,05,016,1.9979,0,0.3889
B,05,017,1.6496,0,0.2222
B,05,018,1.0229,0,0.6207
B,05,019,0.9145,0,0.6304
B,05,020,1.1244,0,0.5946
B,05,021,1.1694,0,0.619
B,05,022,1.4669,0,0.3043
B,05,023,2.3195,0,0.6875
B,05,024,1.7325,0,0.3913
B,05,025,1.4987,0,0.3333
B,05,026,1.4888,0,0.5417
B,05,027,0.9918,0,0.6
B,05,028,0.8319,0,0.8163
B,05,029,1.0089,0,0.5116
B,05,030,1.0609,0,0.5938
B,05,031,1.9657,0,0.7222
B,05,032,1.1813,0,0.3333
B,05,033,1.3599,0,0.5484
B,05,034,1.8539,0,0.4
B,05,035,1.3169,0,0.4878
B,05,036,0.8788,0,0.7292
B,05,037,1.1051,0,0.6053
B,05,038,0.956,0,0.7
B,05,039,1.1421,0,0.3939
B,05,040,1.2293,0,0.6071
B,05,041,1.6179,0,0.625
B,05,042,1.4116,0,0.3902
B,05,043,1.3815,0,0.4839
B,05,044,1.0521,0,0.5946
B,05,045,0.8469,0,0.8485
B,05,046,0.9422,0,0.7419
B,05,047,0.9092,0,0.5833
B,05,048,0.9794,0,0.6667
B,05,049,1.3155,0,0.5909
B,05,050,1.1993,0,0.7419
B,05,051,1.2213,0,0.4118
B,05,052,1.0855,0,0.5333
B,05,053,0.9693,0,0.625
B,05,054,0.9391,0,0.5263
B,05,055,1.0567,0,0.3922
B,05,056,1.1623,0,0.5556
B,05,057,1.5609,0,0.3636
B,05,058,1.6336,0,0.4167
B,05,059,1.8238,0,0.5
B,05,060,1.6371,0,0.7222
B,05,061,1.0353,0,0.6136
B,05,062,0.9191,0,0.7255
B,05,063,0.8426,0,0.7193
B,05,064,0.9886,0,0.5909
B,05,065,1.0722,0,0.5758
B,05,066,1.1602,0,0.5161
B,05,067,1.6119,0,0.6667
B,05,068,2.4126,0,0.8182
B,05,069,2.2962,0,0.4167
B,05,070,1.5435,0,0.7727
B,05,071,1.2181,0,0.3902
B,05,072,0.985,0,0.58
B,05,073,1.1704,0,0.3191
B,05,074,1.2602,0,0.3556
B,05,075,1.2738,0,0.6897
B,05,076,4.4015,0,0.75
B,05,077,3.5054,0,0.8
B,05,078,1.8794,0,0.4706
B,05,079,1.427,0,0.5238
B,05,080,1.1975,0,0.5
B,05,081,1.0838,0,0.5161
B,06,001,3.5612,0,0.2368
B,06,002,5.1994,0,0.2162
B,06,003,4.487,0,0.5128
B,06,004,5.7417,0,0.3143
B,06,005,4.7338,0,0.4474
B,06,006,3.9508,0,0.4902
B,06,007,3.7718,0,0.1837
B,06,008,3.895,0,0.4062
B,06,009,3.2519,0,0.05556
B,06,010,5.9634,0,0.8148
B,06,011,5.1406,0,0.4
B,06,012,6.6207,0,0.4828
B,06,013,5.9696,0,0.5
B,06,014,4.0679,0,0.6452
B,06,015,5.0833,0,0.5
B,06,016,4.5589,0,0.5
B,06,017,3.266,0,0.3548
B,06,018,3.5856,0,0.4915
B,06,019,7.1437,0,0.5455
B,06,020,10.1028,0,0.625
B,06,021,6.8076,0,0.3333
B,06,022,5.3344,0,0.6364
B,06,023,7.1739,0,0.6364
B,06,024,7.041,0,0.03125
B,06,025,4.451,0,0.5439
B,06,026,4.6066,0,0.3148
B,06,027,3.2182,0,0.2
B,06,028,14.9127,0,0.2857
B,06,029,9.5713,0,0.6923
B,06,030,7.5085,0,0.6875
B,06,031,7.7256,0,0.2
B,06,032,5.4927,0,0.2609
B,06,033,2.3597,0,0.25
B,06,034,4.9762,0,0.425
B,06,035,4.5921,0,0.2308
B,06,036,4.19,0,0.0625
B,06,037,19.182,0,0.125
B,06,038,13.4383,0,0.8333
B,06,039,7.7767,0,0.7
B,06,040,5.9324,0,0.4286
B,06,041,7.1559,0,0.4
B,06,042,9.6105,0,0.05556
B,06,043,6.173,0,0.6296
B,06,044,4.6922,0,0.35
B,06,045,9.4154,0,0.3846
B,06,046,13.069,0,0.5
B,06,047,14.1758,0,0.1
B,06,048,8.5805,0,0.3889
B,06,049,7.0505,0,0.04762
B,06,050,7.2084,0,0.6818
B,06,051,7.2252,0,0.1562
B,06,052,6.2083,0,0.6154
B,06,053,6.7587,0,0.5263
B,06,054,10.2615,0,0.5556
B,06,055,5.3112,0,0.5926
B,06,056,10.1423,0,0.6667
B,06,057,13.2401,0,0.7143
B,06,058,6.7447,0,0.2857
B,06,059,9.0714,0,0.75
B,06,060,17.1632,0,0.5714
B,06,061,13.0648,0,0.2
B,06,062,13.0916,0,0.25
B,06,063,7.7248,0,0.7857
B,06,064,6.6498,0,0.5
B,06,065,10.646,0,0.2857
B,06,066,10.9643,0,0.8
B,06,067,17.6422,0,0.1429
B,06,068,21.0905,0,0.2
B,06,069,14.6532,0,0.75
B,06,070,21.2396,0,0.2
B,06,071,14.4501,0,0.2857
B,06,072,8.8374,0,0.5455
B,06,073,4.7793,0,0.05
B,06,074,11.161,0,0.4167
B,06,075,6.9018,0,0.1111
B,06,076,11.8834,0,0.4
B,06,077,18.3106,0,0.2222
B,06,078,16.4345,0,0.4286
B,06,079,10.3858,0,0.5
B,06,080,10.8303,0,0.5455
B,06,081,6.5158,0,0.55
B,07,001,3.6008,0,0.2125
B,07,002,3.0461,0,0.09231
B,07,003,4.3261,0,0.5577
B,07,004,3.567,0,0.3488
B,07,005,3.2408,0,0.1111
B,07,006,2.9665,0,0.1188
B,07,007,3.48,0,0.1667
B,07,008,3.8197,0,0.2211
B,07,009,3.9427,0,0.2192
B,07,010,4.0759,0,0.1733
B,07,011,4.3801,0,0.2766
B,07,012,4.7325,0,0.6
B,07,013,3.9811,0,0.4222
B,07,014,3.4858,0,0.3768
B,07,015,4.067,0,0.2237
B,07,016,4.3436,0,0.2603
B,07,017,3.7492,0,0.2778
B,07,018,3.8684,0,0.2826
B,07,019,4.3098,0,0.4167
B,07,020,6.5935,0,0.5
B,07,021,6.5465,0,0.4231
B,07,022,5.4202,0,0.2286
B,07,023,5.0457,0,0.1818
B,07,024,4.7182,0,0.2692
B,07,025,4.7832,0,0.08
B,07,026,11.6432,0,0.4545
B,07,027,4.3809,0,0.2979
B,07,028,6.7947,0,0.5882
B,07,029,9.2569,0,0.25
B,07,030,9.021,0,0.125
B,07,031,6.1812,0,0.02857
B,07,032,7.2531,0,0.1053
B,07,033,5.1036,0,0.01887
B,07,035,6.3689,0.00009537,0.2222
B,07,036,5.3748,0,0.5556
B,07,037,15.5104,0,0.3
B,07,038,7.2261,0,0.8182
B,07,039,9.6205,0,0.5
B,07,040,17.9391,0,0.2222
B,07,041,8.4211,0,0.6471
B,07,042,11.0063,0,0.8333
B,07,043,12.1209,0,0.5
B,07,044,8.5992,0,0.8333
B,07,045,14.4746,0,0.8
B,07,046,10.5182,0,0.4545
B,07,047,11.4182,0,0.6667
B,07,048,10.6391,0,0.7143
B,07,049,12.1096,0,0.1111
B,07,050,13.4886,0,0.25
B,07,051,19.6895,0,0.1111
B,07,052,12.4689,0,0.6667
B,07,053,8.0685,0,0.6154
B,07,054,14.0499,0,0.5
B,07,055,8.4406,0,0.2308
B,07,056,9.4247,0,0.5385
B,07,057,21.5704,0,0.25
B,07,058,16.5659,0,0.6667
B,07,059,17.6352,0,0.3333
B,07,060,14.6231,0,0.75
B,07,061,16.3559,0,1
B,07,062,16.0732,0,0.3333
B,07,063,16.7713,0,0.3333
B,07,064,12.1404,0,0.8333
B,07,065,18.9024,0,0.2
B,07,066,18.89,0,1
B,07,067,22.0532,0,0.1429
B,07,068,19.5121,0,0.4
B,07,069,18.7158,0,0.375
B,07,070,12.4299,0,0.6
B,07,071,10.7077,0,0.2857
B,07,072,17.7684,0,0.1667
B,07,073,10.0182,0,0.07692
B,07,074,13.4626,0,1
B,07,075,18.9065,0,0.4
B,07,076,21.8266,0,0.5
B,07,077,21.1701,0,0.3333
B,07,078,18.0132,0,0.1667
B,07,079,17.488,0,0.5
B,07,080,19.0606,0,0.4286
B,07,081,18.834,0,0.1429
B,08,001,15.3809,0,0.05263
B,08,002,15.587,0,0.0625
B,08,003,15.1692,0,0.05
B,08,004,15.2562,0,0.05556
B,08,005,14.9772,0,0.1053
B,08,006,16.9749,0,0.04167
B,08,007,18.5996,0,0.0625
B,08,008,17.3187,0,0.07692
B,08,009,19.6236,0,0.05556
B,08,010,15.402,0,0.04545
B,08,011,15.9171,0,0.08
B,08,012,15.1717,0,0.03846
B,08,013,16.4693,0,0.03571
B,08,014,15.5582,0,0.04167
B,08,015,16.3416,0,0.05556
B,08,016,19.9557,0,0.1538
B,08,017,20.1107,0,0.07692
B,08,018,20.5979,0,0.07143
B,08,019,16.7458,0,0.08696
B,08,020,16.2674,0,0.04
B,08,021,16.8228,0,0.1
B,08,022,15.6072,0,0.0625
B,08,023,14.4346,0,0.1579
B,08,024,18.5677,0,0.04348
B,08,025,17.6071,0,0.1176
B,08,026,17.9174,0,0.04
B,08,027,19.1618,0,0.03571
B,08,028,14.788,0,0.03226
B,08,029,18.2686,0,0.03571
B,08,030,15.5121,0,0.1429
B,08,031,16.5443,0,0.05882
B,08,032,17.6057,0,0.06667
B,08,033,16.5934,0,0.03448
B,08,034,16.5514,0,0.04
B,08,035,16.9303,0,0.129
B,08,036,15.3171,0,0.08
B,08,037,16.194,0,0.07143
B,08,038,15.9428,0,0.07143
B,08,039,18.9564,0,0.1429
B,08,040,18.2633,0,0.09524
B,08,041,16.7196,0,0.05882
B,08,042,17.7173,0,0.1176
B,08,043,18.8304,0,0.08333
B,08,044,16.144,0,0.05
B,08,045,15.5275,0,0.02857
B,08,046,19.705,0,0.05556
B,08,047,18.292,0,0.05556
B,08,048,20.4778,0,0.125
B,08,049,20.5663,0,0.09091
B,08,050,18.9379,0,0.1818
B,08,051,17.8155,0,0.04348
B,08,052,17.9447,0,0.1
B,08,053,17.3349,0,0.08333
B,08,054,14.6823,0,0.05263
B,08,055,18.4738,0,0.07692
B,08,056,20.4959,0,0.125
B,08,057,21.9705,0,0.2
B,08,058,20.6492,0,0.1429
B,08,059,20.4165,0,0.09091
B,08,060,19.2801,0,0.05
B,08,061,18.4273,0,0.03846
B,08,062,16.8066,0,0.07692
B,08,063,15.619,0,0.09091
B,08,064,17.9594,0,0.07143
B,08,065,20.3327,0,0.09091
B,08,066,21.7602,0,0.25
B,08,067,19.2941,0,0.09091
B,08,068,19.7826,0,0.05882
B,08,069,16.9363,0,0.0625
B,08,070,14.9362,0,0.05263
B,08,071,16.3813,0,0.1111
B,08,072,15.7031,0,0.07692
B,08,073,16.5919,0,0.04762
B,08,074,17.8276,0,0.06667
B,08,075,19.8738,0,0.09091
B,08,076,20.9546,0,0.09091
B,08,077,16.9469,0,0.0625
B,08,078,14.8771,0,0.2727
B,08,079,15.8849,0,0.0625
B,08,080,16.3306,0,0.04762
B,08,081,14.6828,0,0.03571
B,09,001,17.3074,0,0.03226
B,09,002,10.0378,0,0.25
B,09,003,16.2716,0,0.02439
B,09,004,17.1887,0,0.02941
B,09,005,11.405,0,0.03704
B,09,006,17.3461,0,0.04762
B,09,007,16.9666,0,0.05263
B,09,008,15.5549,0,0.05882
B,09,009,15.564,0,0.1071
B,09,010,16.3157,0,0.0625
B,09,011,15.2648,0,0.09375
B,09,012,14.4212,0,0.06897
B,09,013,16.3851,0,0.0625
B,09,014,18.5759,0,0.09524
B,09,015,6.1877,0,1
B,09,016,16.4417,0,0.09091
B,09,017,15.9774,0,0.1333
B,09,018,17.206,0,0.04762
B,09,019,13.3537,0,0.06667
B,09,020,15.9052,0,0.1
B,09,021,16.1434,0,0.04167
B,09,022,16.968,0,0.03333
B,09,023,16.1424,0,0.03571
B,09,024,6.3561,0,0.2
B,09,025,16.3695,0,0.05714
B,09,026,16.7408,0,0.04
B,09,027,16.6377,0,0.03846
B,09,028,16.0228,0,0.04762
B,09,029,16.649,0,0.08
B,09,030,16.2938,0,0.03571
B,09,031,16.7179,0,0.1379
B,09,032,17.6705,0,0.03448
B,09,033,16.6706,0,0.09091
B,09,034,15.6966,0,0.03125
B,09,035,16.6142,0,0.05556
B,09,036,16.2696,0,0.03226
B,09,037,16.4129,0,0.05
B,09,038,19.006,0,0.05556
B,09,039,17.2358,0,0.1429
B,09,040,18.2509,0,0.03226
B,09,041,15.9892,0,0.05
B,09,042,15.1307,0,0.1667
B,09,043,16.9334,0,0.07143
B,09,044,16.6856,0,0.02128
B,09,045,16.4301,0,0.03448
B,09,046,17.3373,0,0.06667
B,09,047,20.8405,0,0.2
B,09,048,21.4325,0,0.07692
B,09,049,22.1096,0,0.3333
B,09,050,18.1866,0,0.04545
B,09,051,18.2693,0,0.06452
B,09,052,16.7452,0,0.02273
B,09,053,17.6585,0,0.03704
B,09,054,12.9659,0,0.03571
B,09,055,20.1698,0,0.1111
B,09,056,12.7917,0,0.1667
B,09,057,19.9404,0,0.05556
B,09,058,21.8369,0,1
B,09,059,20.5707,0,0.08333
B,09,060,20.6523,0,0.1111
B,09,061,21.1526,0,0.04762
B,09,062,13.1247,0,0.1
B,09,063,18.3696,0,0.03333
B,09,064,18.8885,0,0.05
B,09,065,21.4881,0,0.25
B,09,066,20.6002,0,0.4
B,09,067,22.5523,0,0.5
B,09,068,20.8271,0,0.2
B,09,069,16.8359,0,0.5
B,09,070,21.856,0,0.125
B,09,071,19.7289,0,0.3333
B,09,072,17.6753,0,0.05882
B,09,073,18.9835,0,0.05882
B,09,074,18.9105,0,0.125
B,09,075,20.2876,0,0.2
B,09,076,21.5558,0,1
B,09,077,22.2041,0,0.3333
B,09,078,16.6077,0,0.25
B,09,079,22.5438,0,0.125
B,09,080,18.7611,0,0.0625
B,09,081,18.4163,0,0.05882
C,04,001,1.2733,0,0.3333
C,04,002,1.2098,0,0.4286
C,04,003,1.0115,0,0.5
C,04,004,0.9434,0,0.5926
C,04,005,1.5772,0,0.72
C,04,006,1.6856,0,0.5294
C,04,007,2.3368,0,0.4375
C,04,008,2.289,0,0.3333
C,04,009,2.6176,0,0.3
C,04,010,1.1449,0,0.3939
C,04,011,1.1511,0,0.4524
C,04,012,1.3601,0,0.4186
C,04,013,1.0614,0,0.4286
C,04,014,1.4691,0,0.4615
C,04,015,3.0864,0,0.4615
C,04,016,1.4192,0,0.25
C,04,017,2.0334,0,0.5
C,04,018,3.6418,0,0.625
C,04,019,0.8477,0,0.6981
C,04,020,0.9713,0,0.619
C,04,021,1.2338,0,0.6341
C,04,022,1.1796,0,0.4242
C,04,023,2.3484,0,0.9286
C,04,024,1.9307,0,0.2381
C,04,025,1.8512,0,0.4286
C,04,026,1.5083,0,0.4444
C,04,027,2.0011,0,0.2857
C,04,028,0.9595,0,0.6
C,04,029,1.0267,0,0.5714
C,04,030,1.1522,0,0.5714
C,04,031,1.6574,0,0.5
C,04,032,1.1896,0,0.3913
C,04,033,1.7392,0,0.6
C,04,034,1.9764,0,0.6923
C,04,035,1.7372,0,0.5294
C,04,036,1.2137,0,0.35
C,04,037,0.8368,0,0.8182
C,04,038,1.2385,0,0.6333
C,04,039,1.0385,0,0.5128
C,04,040,1.5828,0,0.4667
C,04,041,1.7181,0,0.6957
C,04,042,1.753,0,0.7727
C,04,043,1.2518,0,0.4444
C,04,044,1.4895,0,0.2286
C,04,045,1.6288,0,0.6
C,04,046,1.0483,0,0.6585
C,04,047,1.0715,0,0.5405
C,04,048,1.4367,0,0.5263
C,04,049,1.3253,0,0.3667
C,04,050,1.5647,0,0.5
C,04,051,1.5342,0,0.2424
C,04,052,1.3494,0,0.5484
C,04,053,1.1304,0,0.5161
C,04,054,1.0963,0,0.5
C,04,055,0.9128,0,0.75
C,04,056,1.0399,0,0.5806
C,04,057,1.0691,0,0.5098
C,04,058,1.1856,0,0.5588
C,04,059,1.1273,0,0.4359
C,04,060,1.2402,0,0.6
C,04,061,1.1114,0,0.3333
C,04,062,0.9463,0,0.5758
C,04,063,1.1007,0,0.4318
C,04,064,1.3862,0,0.5082
C,04,065,1.5036,0,0.4727
C,04,066,1.266,0,0.4667
C,04,067,1.232,0,0.5833
C,04,068,1.0261,0,0.5833
C,04,069,0.9564,0,0.5476
C,04,070,1.0499,0,0.5789
C,04,071,1.0137,0,0.5577
C,04,072,1.0006,0,0.4762
C,04,073,1.1104,0,0.6212
C,04,074,0.9274,0,0.6923
C,04,075,1.0296,0,0.6818
C,04,076,1.0402,0,0.3607
C,04,077,1.0081,0,0.4706
C,04,078,0.9569,0,0.6604
C,04,079,1.1263,0,0.3889
C,04,080,1.0627,0,0.5
C,04,081,0.9314,0,0.66
C,05,001,0.7359,0,0.8493
C,05,002,0.9292,0,0.6531
C,05,003,0.949,0,0.5185
C,05,004,0.9941,0,0.6842
C,05,005,0.9762,0,0.7059
C,05,006,1.0943,0,0.56
C,05,007,0.9689,0,0.5094
C,05,008,1.0195,0,0.54
C,05,009,1.0705,0,0.3922
C,05,010,0.9081,0,0.6042
C,05,011,0.9499,0,0.6471
C,05,012,1.0311,0,0.5366
C,05,013,0.9641,0,0.5938
C,05,014,1.1648,0,0.4
C,05,015,1.2388,0,0.4595
C,05,016,1.0802,0,0.4412
C,05,017,1.1759,0,0.7407
C,05,018,0.8919,0,0.7674
C,05,019,0.8452,0,0.76
C,05,020,1.083,0,0.575
C,05,021,1.1127,0,0.5556
C,05,022,1.105,0,0.3778
C,05,023,1.2175,0,0.5517
C,05,024,1.2725,0,0.2778
C,05,025,1.3494,0,0.4194
C,05,026,1.3409,0,0.4
C,05,027,1.1803,0,0.4146
C,05,028,0.9438,0,0.6154
C,05,029,1.1511,0,0.4194
C,05,030,1.0312,0,0.5789
C,05,031,1.3872,0,0.5833
C,05,032,1.5586,0,0.3529
C,05,033,1.7153,0,0.5714
C,05,034,1.6215,0,0.4583
C,05,035,1.4256,0,0.4375
C,05,036,1.5792,0,0.3158
C,05,037,0.8782,0,0.7059
C,05,038,1.2854,0,0.425
C,05,039,1.2488,0,0.5172
C,05,040,1.6422,0,0.4444
C,05,041,1.6944,0,0.4
C,05,042,1.5239,0,0.45
C,05,043,1.4483,0,0.5294
C,05,044,1.8705,0,0.5455
C,05,045,1.3182,0,0.28
C,05,046,1.0886,0,0.65
C,05,047,1.1568,0,0.5143
C,05,048,1.2722,0,0.3913
C,05,049,1.6202,0,0.3333
C,05,050,1.6151,0,0.5185
C,05,051,2.7717,0,0.6667
C,05,052,2.0154,0,0.6667
C,05,053,1.6704,0,0.5333
C,05,054,1.02,0,0.6429
C,05,055,1.1117,0,0.5152
C,05,056,1.38,0,0.4364
C,05,057,1.3158,0,0.5385
C,05,058,1.683,0,0.2647
C,05,059,2.0181,0,0.6
C,05,060,2.8185,0,0.4167
C,05,061,2.1712,0,0.5
C,05,062,1.6505,0,0.6207
C,05,063,1.7104,0,0.3077
C,05,064,1.2467,0,0.5897
C,05,065,1.1916,0,0.5758
C,05,066,1.2127,0,0.5714
C,05,067,1.4606,0,0.3077
C,05,068,1.2359,0,0.359
C,05,069,2.2323,0,0.5
C,05,070,1.6369,0,0.6
C,05,071,5.2296,0,0.7143
C,05,072,1.6696,0,0.5172
C,05,073,1.2913,0,0.2931
C,05,074,1.0476,0,0.4737
C,05,075,1.1727,0,0.5143
C,05,076,1.1226,0,0.6316
C,05,077,1.252,0,0.5882
C,05,078,1.6544,0,0.3125
C,05,079,1.6444,0,0.3333
C,05,080,2.149,0,0.3571
C,05,081,1.8603,0,0.1481
C,06,001,5.2037,0,0.325
C,06,002,6.9223,0,0.4667
C,06,003,6.6177,0,0.4444
C,06,004,5.4468,0,0.6
C,06,005,5.6189,0,0.5
C,06,006,19.9653,0,0.1667
C,06,007,12.1667,0,0.5
C,06,008,9.6203,0,0.5333
C,06,009,16.2942,0,0.09091
C,06,010,4.3494,0,0.3953
C,06,011,4.7939,0,0.4615
C,06,012,5.0438,0,0.3714
C,06,013,4.9738,0,0.03448
C,06,014,7.7156,0,0.4
C,06,015,10.5787,0,0.5
C,06,016,13.2672,0,1
C,06,017,14.1309,0,0.2
C,06,018,20.7227,0,0.25
C,06,019,3.4557,0,0.3636
C,06,020,3.2312,0,0.06
C,06,021,5.0885,0,0.1905
C,06,022,5.4737,0,0.4118
C,06,023,6.6673,0,0.44
C,06,024,6.4054,0,0.6667
C,06,025,16.301,0,0.375
C,06,026,13.7224,0,0.6
C,06,027,18.4498,0,0.5
C,06,028,4.8499,0,0.3333
C,06,029,5.5563,0,0.5676
C,06,030,4.3579,0,0.3617
C,06,031,6.9744,0,0.5385
C,06,032,5.7048,0,0.375
C,06,033,8.1331,0,0.4167
C,06,034,11.0069,0,0.1429
C,06,035,17.011,0,0.2143
C,06,036,10.8682,0,0.6
C,06,037,3.325,0,0.2321
C,06,038,4.1038,0,0.4348
C,06,039,5.4349,0,0.1143
C,06,040,5.6256,0,0.5926
C,06,041,6.0775,0,0.1111
C,06,042,5.9137,0,0.3636
C,06,043,9.492,0,0.6111
C,06,044,12.7449,0,0.5455
C,06,045,17.353,0,0.5
C,06,046,4.6847,0,0.6667
C,06,047,4.7956,0,0.2917
C,06,048,4.4071,0,0.1081
C,06,049,5.7763,0,0.2581
C,06,050,8.519,0,0.25
C,06,051,8.454,0,0.4783
C,06,052,6.1659,0,0.6562
C,06,053,9.5041,0,0.5294
C,06,054,17.0555,0,0.3333
C,06,055,4.8605,0,0.2759
C,06,056,4.1284,0,0.3721
C,06,057,5.1496,0,0.3333
C,06,058,7.2566,0,0.3333
C,06,059,7.4711,0,0.7143
C,06,060,11.5195,0,0.5
C,06,061,13.3119,0,0.4545
C,06,062,7.4851,0,0.3333
C,06,063,9.9802,0,0.375
C,06,064,4.1612,0,0.03846
C,06,065,4.6623,0,0.1579
C,06,066,4.1829,0,0.3684
C,06,067,6.329,0,0.48
C,06,068,7.8671,0,0.7273
C,06,069,9.1694,0,0.4
C,06,070,8.6306,0,0.2353
C,06,071,6.6112,0,0.5789
C,06,072,12.2322,0,1
C,06,073,3.6886,0,0.386
C,06,074,3.5421,0,0.06452
C,06,075,3.9497,0,0.25
C,06,076,4.3672,0,0.5882
C,06,077,8.7223,0,0.6154
C,06,078,8.3529,0,0.5455
C,06,079,8.2167,0,0.5455
C,06,080,7.9109,0,0.6667
C,06,081,4.5711,0,0.2195
C,07,001,3.0196,0,0.5345
C,07,002,4.2316,0,0.1852
C,07,003,3.8489,0,0.2826
C,07,004,3.6239,0,0.3636
C,07,005,4.5545,0,0.2105
C,07,006,4.7348,0,0.1053
C,07,007,4.4578,0,0.2105
C,07,008,4.9049,0,0.3061
C,07,009,4.6876,0,0.2903
C,07,010,3.8153,0,0.1
C,07,011,3.7193,0,0.1912
C,07,012,4.4624,0,0.3182
C,07,013,4.5822,0,0.3725
C,07,014,4.3207,0,0.303
C,07,015,6.2398,0,0.4643
C,07,016,5.8588,0,0.5143
C,07,017,5.1452,0,0.3333
C,07,018,4.3852,0,0.6316
C,07,019,3.2261,0,0.09375
C,07,020,3.8161,0,0.4902
C,07,021,4.5632,0,0.375
C,07,022,5.6485,0,0.3
C,07,023,5.4176,0,0.1304
C,07,024,5.362,0,0.1765
C,07,025,5.9241,0,0.5909
C,07,026,8.0594,0,0.6667
C,07,027,8.6517,0,0.7143
C,07,028,4.1195,0,0.02703
C,07,029,5.7361,0,0.48
C,07,030,5.0306,0,0.6
C,07,031,5.7488,0,0.2222
C,07,032,5.7919,0,0.4054
C,07,033,4.6212,0,0.4444
C,07,034,5.8026,0,0.1714
C,07,035,6.4379,0,0.2222
C,07,036,7.7174,0,0.8333
C,07,037,10.2795,0,0.5714
C,07,038,7.1587,0,0.7037
C,07,039,5.6527,0,0.6129
C,07,040,5.7292,0,0.3103
C,07,041,6.3337,0,0.381
C,07,042,7.1802,0,0.5
C,07,043,7.2575,0,0.7059
C,07,044,7.0832,0,0.4737
C,07,045,7.8155,0,0.5
C,07,046,11.3022,0,0.6
C,07,047,6.656,0,0.07143
C,07,048,5.5143,0,0.02857
C,07,049,6.2785,0,0.3704
C,07,050,6.1533,0,0.5172
C,07,051,15.8227,0,0.8
C,07,052,13.1648,0,0.5
C,07,053,7.1146,0,0.5
C,07,054,6.8298,0,0.1852
C,07,055,12.7712,0,1
C,07,056,11.2625,0,0.6667
C,07,057,10.0034,0,0.625
C,07,058,7.8382,0,0.3
C,07,059,7.7863,0,0.04545
C,07,060,9.6244,0,0.3333
C,07,061,11.4704,0,0.6
C,07,062,7.8232,0,0.4211
C,07,063,12.9126,0,0.5
C,07,064,10.596,0,0.5
C,07,065,13.3343,0,0.125
C,07,066,8.0513,0,0.6
C,07,067,7.0237,0,0.4286
C,07,068,6.7165,0,0.7
C,07,069,7.4274,0,0.6087
C,07,070,15.3446,0,0.6
C,07,071,9.1612,0,0.2609
C,07,072,7.5171,0,0.5238
C,07,073,6.3261,0,0.3333
C,07,074,14.871,0,0.25
C,07,075,11.2783,0,0.125
C,07,076,8.2856,0,0.6
C,07,077,5.2851,0,0.25
C,07,078,5.715,0,0.6977
C,07,079,5.8674,0,0.5
C,07,080,14.5895,0,0.5714
C,07,081,5.0205,0,0.2571
C,08,001,15.7015,0,0.07692
C,08,002,15.826,0,0.07143
C,08,003,17.0881,0,0.125
C,08,004,16.1782,0,0.05
C,08,005,15.2235,0,0.04167
C,08,006,15.7216,0,0.0625
C,08,007,14.8336,0,0.05263
C,08,008,15.0378,0,0.05882
C,08,009,16.5532,0,0.06667
C,08,010,15.6392,0,0.04167
C,08,011,16.8021,0,0.03846
C,08,012,17.2576,0,0.05882
C,08,013,14.4861,0,0.1739
C,08,014,14.9083,0,0.0303
C,08,015,15.4097,0,0.1053
C,08,016,14.675,0,0.05
C,08,017,15.0515,0,0.09091
C,08,018,17.1197,0,0.06667
C,08,019,19.1336,0,0.1429
C,08,020,16.4735,0,0.0625
C,08,021,14.3338,0,0.02941
C,08,022,15.8361,0,0.08696
C,08,023,14.8074,0,0.04545
C,08,024,16.2832,0,0.04348
C,08,025,15.6445,0,0.05714
C,08,026,15.0184,0,0.05556
C,08,027,13.713,0,0.09524
C,08,028,20.0847,0,0.2857
C,08,029,16.9379,0,0.05263
C,08,030,17.8843,0,0.07143
C,08,031,15.743,0,0.07692
C,08,032,15.922,0,0.04167
C,08,033,17.0578,0,0.03704
C,08,034,16.2656,0,0.03704
C,08,035,15.2897,0,0.04762
C,08,036,16.0003,0,0.05263
C,08,037,20.2374,0,0.08333
C,08,038,18.53,0,0.2
C,08,039,17.5249,0,0.04
C,08,040,14.9101,0,0.05556
C,08,041,18.2674,0,0.03448
C,08,042,17.6021,0,0.06061
C,08,043,16.9234,0,0.03226
C,08,044,15.4674,0,0.03448
C,08,045,16.0776,0,0.05
C,08,046,21.5362,0,0.5
C,08,047,20.6423,0,0.1111
C,08,048,16.2017,0,0.05263
C,08,049,16.7937,0,0.07692
C,08,050,16.6502,0,0.03448
C,08,051,16.8433,0,0.05263
C,08,052,17.0589,0,0.04
C,08,053,15.8156,0,0.25
C,08,054,17.2568,0,0.1667
C,08,055,19.6228,0,0.05263
C,08,056,19.3433,0,0.09091
C,08,057,16.2687,0,0.03571
C,08,058,13.5691,0,0.05263
C,08,059,17.9177,0,0.04348
C,08,060,19.5188,0,0.05882
C,08,061,13.9673,0,0.1111
C,08,062,15.9558,0,0.05263
C,08,063,15.8515,0,0.07143
C,08,064,18.3388,0,0.0625
C,08,065,20.4174,0,0.09091
C,08,066,17.8545,0,0.0625
C,08,067,17.8898,0,0.04545
C,08,068,18.3183,0,0.0625
C,08,069,20.4322,0,0.05263
C,08,070,19.1248,0,0.05556
C,08,071,17.7327,0,0.1176
C,08,072,19.2044,0,0.07692
C,08,073,16.2045,0,0.1111
C,08,074,16.7634,0,0.07143
C,08,075,18.4716,0,0.1
C,08,076,17.6808,0,0.1429
C,08,077,12.7613,0,0.02778
C,08,078,20.7282,0,0.04167
C,08,079,9.9014,0,1
C,08,080,12.9017,0,0.1667
C,08,081,17.664,0,0.09091
C,09,001,15.7816,0,0.03448
C,09,002,18.1166,0,0.05263
C,09,003,18.0242,0,0.1429
C,09,004,16.9414,0,0.03704
C,09,005,16.9468,0,0.08333
C,09,006,15.1214,0,0.125
C,09,007,15.9237,0,0.05263
C,09,008,16.2165,0,0.08333
C,09,009,18.3813,0,0.04545
C,09,010,18.5551,0,0.07143
C,09,011,17.0732,0,0.04348
C,09,012,19.274,0,0.09091
C,09,013,15.3775,0,0.08696
C,09,014,16.6075,0,0.1
C,09,015,8.8945,0,0.02778
C,09,016,15.9427,0,0.06977
C,09,017,15.0721,0,0.05882
C,09,018,16.4134,0,0.09091
C,09,019,17.7549,0,0.1
C,09,020,17.0667,0,0.1364
C,09,021,19.5011,0,0.1111
C,09,022,16.9374,0,0.08824
C,09,023,16.0436,0,0.1212
C,09,024,15.1347,0,0.03125
C,09,025,16.1567,0,0.025
C,09,026,16.494,0,0.02778
C,09,027,16.579,0,0.04348
C,09,028,20.5988,0,0.1111
C,09,029,19.4695,0,0.08333
C,09,030,17.7953,0,0.05263
C,09,031,16.0193,0,0.04167
C,09,032,16.9213,0,0.03448
C,09,033,17.0693,0,0.04545
C,09,034,15.3812,0,0.08824
C,09,035,15.1785,0,0.06061
C,09,036,14.7881,0,0.08696
C,09,037,19.3153,0,0.09091
C,09,038,18.5154,0,0.1333
C,09,039,18.0498,0,0.1739
C,09,040,18.0796,0,0.0625
C,09,041,17.391,0,0.05
C,09,042,18.7404,0,0.05882
C,09,043,16.0604,0,0.125
C,09,044,16.2115,0,0.03704
C,09,045,16.0533,0,0.0303
C,09,046,15.3046,0,0.25
C,09,047,4.5259,0,0.04
C,09,048,19.5831,0,0.1429
C,09,049,19.8121,0,0.1429
C,09,050,18.7675,0,0.05556
C,09,051,13.4437,0,0.1333
C,09,052,16.2406,0,0.04545
C,09,053,16.1272,0,0.1905
C,09,054,17.3542,0,0.03571
C,09,055,15.3568,0,0.2857
C,09,056,16.0356,0,0.125
C,09,057,15.4041,0,0.1667
C,09,058,20.0558,0,0.05556
C,09,059,17.0989,0,0.04167
C,09,060,17.9814,0,0.1818
C,09,061,17.0919,0,0.02326
C,09,062,15.7353,0,0.07143
C,09,063,16.1041,0,0.05128
C,09,064,17.8838,0,0.2
C,09,065,18.0431,0,0.05882
C,09,067,18.5569,0,0.1667
C,09,069,15.9282,0.00009537,0.05882
C,09,070,17.0766,0,0.05714
C,09,071,15.587,0,0.03704
C,09,072,16.1881,0,0.03333
C,09,073,17.0842,0,0.05556
C,09,074,15.5182,0,0.07143
C,09,075,17.2449,0,0.1538
C,09,076,17.3602,0,0.08
C,09,077,17.9295,0,0.09524
C,09,078,16.9523,0,0.04545
C,09,079,17.5056,0,0.04545
C,09,080,16.9249,0,0.03226
C,09,081,14.6267,0,0.06061
D,04,001,1.0019,0,0.5862
D,04,002,0.8497,0,0.75
D,04,003,0.9382,0,0.6333
D,04,004,1.2782,0,0.5588
D,04,005,1.1138,0,0.5278
D,04,006,1.0987,0,0.75
D,04,007,1.9248,0,0.381
D,04,008,2.4577,0,0.5556
D,04,009,2.2208,0,0.7059
D,04,010,0.8933,0,0.6923
D,04,011,0.8804,0,0.6875
D,04,012,1.2397,0,0.4615
D,04,013,1.1366,0,0.64
D,04,014,1.0111,0,0.625
D,04,015,1.2726,0,0.619
D,04,016,1.0543,0,0.6774
D,04,017,2.152,0,0.5625
D,04,018,2.2834,0,0.3333
D,04,019,1.0488,0,0.5185
D,04,020,1.0395,0,0.5208
D,04,021,1.0481,0,0.5455
D,04,022,1.5133,0,0.4375
D,04,023,1.3905,0,0.381
D,04,024,1.7777,0,0.2609
D,04,025,1.788,0,0.6
D,04,026,1.9906,0,0.3571
D,04,027,1.6509,0,0.4375
D,04,028,1.0638,0,0.5581
D,04,029,1.0744,0,0.6842
D,04,030,1.1084,0,0.5417
D,04,031,1.2097,0,0.6
D,04,032,1.839,0,0.7273
D,04,033,1.2924,0,0.3529
D,04,034,3.3523,0,0.625
D,04,035,1.2804,0,0.6111
D,04,036,1.6936,0,0.35
D,04,037,1.1165,0,0.4643
D,04,038,1.124,0,0.5
D,04,039,2.1266,0,0.4359
D,04,040,1.6699,0,0.6111
D,04,041,1.6893,0,0.5625
D,04,042,1.7948,0,0.5333
D,04,043,1.5711,0,0.5
D,04,044,1.4361,0,0.381
D,04,045,1.6442,0,0.4286
D,04,046,0.9339,0,0.5918
D,04,047,1.1882,0,0.4545
D,04,048,1.3317,0,0.5625
D,04,049,1.5951,0,0.6923
D,04,050,2.0278,0,0.5714
D,04,051,1.5726,0,0.2222
D,04,052,1.5848,0,0.5
D,04,053,1.2104,0,0.4545
D,04,054,1.6957,0,0.44
D,04,055,1.0545,0,0.5417
D,04,056,1.0865,0,0.5333
D,04,057,1.9612,0,0.32
D,04,058,1.4352,0,0.4286
D,04,059,1.3671,0,0.5185
D,04,060,1.4117,0,0.4643
D,04,061,1.6765,0,0.5263
D,04,062,1.4846,0,0.2857
D,04,063,1.2216,0,0.5185
D,04,064,0.9339,0,0.6
D,04,065,1.1917,0,0.4038
D,04,066,1.2413,0,0.5588
D,04,067,1.2304,0,0.4483
D,04,068,1.3605,0,0.4444
D,04,069,1.2974,0,0.7647
D,04,070,1.7544,0,0.2222
D,04,071,1.0685,0,0.5294
D,04,072,1.0991,0,0.5789
D,04,073,0.9316,0,0.5584
D,04,074,1.0963,0,0.4783
D,04,075,1.2725,0,0.5111
D,04,076,1.0312,0,0.551
D,04,077,1.2563,0,0.5405
D,04,078,1.2874,0,0.303
D,04,079,1.1126,0,0.5862
D,04,080,1.5247,0,0.65
D,04,081,1.4357,0,0.5263
D,05,001,0.969,0,0.5455
D,05,002,1.0569,0,0.5897
D,05,003,1.1799,0,0.7188
D,05,004,0.9491,0,0.6852
D,05,005,1.0883,0,0.5455
D,05,006,0.9772,0,0.6667
D,05,007,1.139,0,0.5
D,05,008,0.9048,0,0.6304
D,05,009,1.2638,0,0.3947
D,05,010,0.9786,0,0.8667
D,05,011,0.9324,0,0.7714
D,05,012,1.3198,0,0.4242
D,05,013,1.1291,0,0.5172
D,05,014,1.1402,0,0.4545
D,05,015,1.0493,0,0.6735
D,05,016,1.2869,0,0.5312
D,05,017,1.1315,0,0.5
D,05,018,1.3823,0,0.4419
D,05,019,1.1137,0,0.5278
D,05,020,0.9346,0,0.5789
D,05,021,1.2266,0,0.5517
D,05,022,1.279,0,0.3429
D,05,023,1.2525,0,0.3421
D,05,024,0.9118,0,0.6667
D,05,025,1.3061,0,0.3529
D,05,026,1.057,0,0.439
D,05,027,1.3821,0,0.6286
D,05,028,0.9463,0,0.5536
D,05,029,1.1895,0,0.3667
D,05,030,0.9023,0,0.7037
D,05,031,1.4555,0,0.3704
D,05,032,1.2934,0,0.6429
D,05,033,1.854,0,0.48
D,05,034,1.2299,0,0.625
D,05,035,1.1416,0,0.5
D,05,036,1.083,0,0.4474
D,05,037,1.1347,0,0.5882
D,05,038,1.1369,0,0.5429
D,05,039,1.2077,0,0.5312
D,05,040,1.4121,0,0.381
D,05,041,1.3554,0,0.3478
D,05,042,1.5411,0,0.8182
D,05,043,0.9763,0,0.6279
D,05,044,1.461,0,0.7742
D,05,045,1.2425,0,0.4091
D,05,046,1.0209,0,0.5714
D,05,047,1.1837,0,0.7895
D,05,048,1.225,0,0.5
D,05,049,1.7756,0,0.4783
D,05,050,1.2746,0,0.3929
D,05,051,1.2403,0,0.3667
D,05,052,1.3847,0,0.4571
D,05,053,1.5072,0,0.3125
D,05,054,1.3843,0,0.4194
D,05,055,1.0645,0,0.3878
D,05,056,1.3156,0,0.52
D,05,057,1.0298,0,0.7391
D,05,058,1.0602,0,0.52
D,05,059,1.3987,0,0.375
D,05,060,1.5409,0,0.4737
D,05,061,1.2728,0,0.6
D,05,062,1.8329,0,0.381
D,05,063,1.3509,0,0.5217
D,05,064,1.1649,0,0.6061
D,05,065,1.5461,0,0.4348
D,05,066,1.2559,0,0.6667
D,05,067,1.3263,0,0.44
D,05,068,1.7584,0,0.4706
D,05,069,1.5512,0,0.4444
D,05,070,1.825,0,0.4667
D,05,071,3.0776,0,0.7143
D,05,072,6.6386,0,0.4
D,05,073,1.2833,0,0.4839
D,05,074,1.4345,0,0.375
D,05,075,1.2105,0,0.5455
D,05,076,1.7098,0,0.3182
D,05,077,1.448,0,0.2308
D,05,078,1.3702,0,0.4091
D,05,079,15.5166,0,0.25
D,05,080,9.0794,0,0.375
D,05,081,2.8497,0,0.5
D,06,001,2.942,0,0.2647
D,06,002,3.2037,0,0.5128
D,06,003,3.6502,0,0.08065
D,06,004,4.652,0,0.4773
D,06,005,5.4302,0,0.3125
D,06,006,5.8452,0,0.4483
D,06,007,4.759,0,0.25
D,06,008,4.1397,0,0.4151
D,06,009,3.8765,0,0.2264
D,06,010,3.4836,0,0.08696
D,06,011,3.9762,0,0.3898
D,06,012,4.3862,0,0.3617
D,06,013,5.0527,0,0.2326
D,06,014,5.902,0,0.3103
D,06,015,6.3116,0,0.1818
D,06,016,4.7415,0,0.3889
D,06,017,5.0656,0,0.1667
D,06,018,4.627,0,0.5128
D,06,019,4.0025,0,0.3559
D,06,020,4.3764,0,0.2656
D,06,021,6.2669,0,0.36
D,06,022,6.1443,0,0.4815
D,06,023,5.0161,0,0.2895
D,06,024,6.8011,0,0.6522
D,06,025,6.0845,0,0.3158
D,06,026,5.5998,0,0.3056
D,06,027,4.0343,0,0.1351
D,06,028,4.2589,0,0.6939
D,06,029,5.574,0,0.2143
D,06,030,9.5894,0,0.6667
D,06,031,9.4284,0,0.5
D,06,032,10.6989,0,0.4167
D,06,033,6.5723,0,0.1905
D,06,034,5.6936,0,0.4828
D,06,035,5.477,0,0.3846
D,06,036,6.5618,0,0.3077
D,06,037,3.8174,0,0.0625
D,06,038,4.4511,0,0.2143
D,06,039,9.2049,0,0.2
D,06,040,11.4322,0,0.6
D,06,041,13.0003,0,0.3
D,06,042,8.3927,0,0.3125
D,06,043,7.2225,0,0.3125
D,06,044,7.5478,0,0.2083
D,06,045,7.9792,0,0.5238
D,06,046,4.7274,0,0.1522
D,06,047,9.8898,0,0.2143
D,06,048,13.57,0,0.1429
D,06,049,16.2489,0,0.5
D,06,051,8.6895,0.00009537,0.3333
D,06,052,6.6078,0,0.3429
D,06,053,4.8001,0,0.5333
D,06,054,6.8275,0,0.1379
D,06,055,4.8129,0,0.2308
D,06,056,19.6377,0,0.2857
D,06,057,19.6373,0,0.5
D,06,058,12.724,0,1
D,06,059,14.5238,0,0.4
D,06,060,11.0204,0,0.5714
D,06,061,6.9145,0,0.2667
D,06,062,5.9397,0,0.3704
D,06,063,5.4508,0,0.2632
D,06,064,12.7892,0,0.6667
D,06,065,16.7344,0,0.3333
D,06,066,19.8444,0,0.3333
D,06,067,19.2035,0,0.4
D,06,068,18.9923,0,0.25
D,06,069,14.4948,0,0.6
D,06,070,8.0729,0,0.3478
D,06,071,4.4873,0,0.5116
D,06,072,6.7519,0,0.2069
D,06,073,9.9177,0,0.5
D,06,074,15.0509,0,1
D,06,075,20.9612,0,1
D,06,076,19.1765,0,0.5
D,06,077,13.4869,0,0.8571
D,06,078,12.8771,0,0.8333
D,06,079,11.9104,0,0.625
D,06,080,6.9255,0,0.6429
D,06,081,6.2789,0,0.4783
D,07,001,2.9743,0,0.1897
D,07,002,5.5438,0,0.03333
D,07,003,7.9177,0,0.4375
D,07,004,5.8655,0,0.6429
D,07,005,7.2294,0,0.3333
D,07,006,9.885,0,0.5
D,07,007,3.1614,0,0.01887
D,07,008,3.4165,0,0.09091
D,07,009,2.8399,0,0.4429
D,07,010,4.1262,0,0.2381
D,07,011,4.1039,0,0.3333
D,07,012,5.4585,0,0.5
D,07,013,5.7108,0,0.1277
D,07,014,4.6196,0,0.02632
D,07,015,6.4371,0,0.3939
D,07,016,4.3545,0,0.2647
D,07,017,4.1729,0,0.28
D,07,018,4.2726,0,0.3077
D,07,019,2.99,0,0.01852
D,07,020,5.1684,0,0.3714
D,07,021,6.6755,0,0.3929
D,07,022,5.9415,0,0.3636
D,07,023,5.5067,0,0.1053
D,07,024,6.0283,0,0.675
D,07,025,3.9175,0,0.05769
D,07,026,4.4097,0,0.1379
D,07,027,4.1716,0,0.2115
D,07,028,5.9685,0,0.2121
D,07,029,4.7618,0,0.06897
D,07,030,6.2069,0,0.2692
D,07,031,8.0069,0,0.2727
D,07,032,10.298,0,0.2667
D,07,033,6.674,0,0.3667
D,07,034,5.2037,0,0.5385
D,07,035,3.7909,0,0.2368
D,07,036,4.7608,0,0.4091
D,07,037,5.649,0,0.3793
D,07,038,4.2753,0,0.1304
D,07,039,6.2565,0,0.3636
D,07,040,8.7469,0,0.7273
D,07,041,13.2676,0,0.8462
D,07,042,5.7804,0,0.125
D,07,043,4.3353,0,0.2308
D,07,044,4.1402,0,0.08108
D,07,045,3.9508,0,0.1818
D,07,046,6.1263,0,0.5185
D,07,047,4.615,0,0.5435
D,07,048,7.4802,0,0.4706
D,07,049,9.9334,0,0.5833
D,07,050,10.4181,0,0.75
D,07,051,9.284,0,0.5714
D,07,052,6.2568,0,0.5
D,07,053,3.6917,0,0.06667
D,07,054,5.1085,0,0.4
D,07,055,7.3681,0,0.5455
D,07,056,11.9345,0,0.6
D,07,057,14.2237,0,0.5
D,07,058,14.0171,0,0.4
D,07,059,11.9357,0,0.1667
D,07,060,7.9834,0,0.7
D,07,061,8.7835,0,0.4375
D,07,062,9.3434,0,1
D,07,063,4.7772,0,0.5588
D,07,064,7.6693,0,0.3571
D,07,065,8.6991,0,0.5
D,07,066,11.1656,0,0.5
D,07,067,19.0202,0,0.2857
D,07,068,15.5495,0,0.1818
D,07,069,13.0617,0,0.5
D,07,070,16.9169,0,0.8
D,07,071,7.9893,0,0.25
D,07,072,7.326,0,0.4231
D,07,073,4.374,0,0.2391
D,07,074,7.814,0,0.2857
D,07,075,7.2105,0,0.25
D,07,076,8.3581,0,0.8182
D,07,077,15.087,0,0.25
D,07,078,14.0754,0,0.125
D,07,079,6.6253,0,0.3636
D,07,080,9.2522,0,0.2
D,07,081,5.1848,0,0.4118
D,08,001,17.0952,0,0.03704
D,08,002,16.9118,0,0.05263
D,08,003,16.6437,0,0.2222
D,08,004,17.0251,0,0.03846
D,08,005,15.6905,0,0.03571
D,08,006,16.4154,0,0.05882
D,08,007,15.0432,0,0.1071
D,08,008,15.3163,0,0.04
D,08,009,16.1423,0,0.09091
D,08,010,18.7124,0,0.05556
D,08,011,15.8431,0,0.09524
D,08,012,17.1233,0,0.07143
D,08,013,18.013,0,0.04
D,08,014,17.4391,0,0.04
D,08,015,15.8152,0,0.125
D,08,016,17.3362,0,0.05263
D,08,017,15.6857,0,0.03448
D,08,018,15.8646,0,0.08
D,08,019,18.2625,0,0.07692
D,08,020,19.2965,0,0.05556
D,08,021,17.0083,0,0.1071
D,08,022,17.1436,0,0.04348
D,08,023,18.5103,0,0.03846
D,08,024,16.0576,0,0.08333
D,08,025,15.4793,0,0.1579
D,08,026,16.4155,0,0.03846
D,08,027,16.0772,0,0.03333
D,08,028,19.4699,0,0.07692
D,08,029,17.8026,0,0.04762
D,08,030,15.9246,0,0.09524
D,08,031,15.9405,0,0.03226
D,08,032,15.5784,0,0.2143
D,08,033,16.1565,0,0.06897
D,08,034,16.1404,0,0.04348
D,08,035,17.1921,0,0.1154
D,08,036,16.0146,0,0.04762
D,08,037,20.4217,0,0.2
D,08,038,20.2933,0,0.2222
D,08,039,16.2217,0,0.1
D,08,040,16.8982,0,0.08
D,08,041,19.0412,0,0.05
D,08,042,17.9928,0,0.05882
D,08,043,17.8513,0,0.04167
D,08,044,15.5835,0,0.02778
D,08,045,16.3711,0,0.03333
D,08,046,20.4875,0,0.1111
D,08,047,19.5899,0,0.05556
D,08,048,19.4094,0,0.07692
D,08,049,19.1504,0,0.05
D,08,050,16.2488,0,0.05
D,08,051,18.5079,0,0.05882
D,08,052,19.9784,0,0.1667
D,08,053,18.776,0,0.05556
D,08,054,16.968,0,0.1111
D,08,055,17.6656,0,0.05556
D,08,056,20.3249,0,0.1429
D,08,057,20.4747,0,0.25
D,08,058,20.2157,0,0.1429
D,08,059,21.7405,0,0.09091
D,08,060,21.6333,0,0.07143
D,08,061,19.359,0,0.1875
D,08,062,17.5552,0,0.04348
D,08,063,18.0481,0,0.04545
D,08,064,19.7821,0,0.3333
D,08,065,20.2177,0,0.1667
D,08,066,21.1183,0,0.0625
D,08,067,20.2102,0,0.1
D,08,068,21.7966,0,0.125
D,08,069,17.9958,0,0.1429
D,08,070,20.0388,0,0.07692
D,08,071,19.568,0,0.04545
D,08,072,16.3719,0,0.06667
D,08,073,18.7137,0,0.1429
D,08,074,18.9416,0,0.08333
D,08,075,19.9647,0,0.125
D,08,076,21.7068,0,0.3333
D,08,077,21.0401,0,1
D,08,078,20.6227,0,0.1111
D,08,079,19.3622,0,0.2143
D,08,080,17.3672,0,0.06667
D,08,081,18.4974,0,0.05556
D,09,001,18.2852,0,0.05882
D,09,002,19.2096,0,0.09091
D,09,003,14.5572,0,0.4
D,09,004,15.9348,0,0.07143
D,09,005,15.5062,0,0.04762
D,09,006,16.8568,0,0.05
D,09,007,16.0515,0,0.04545
D,09,008,9.7016,0,0.03333
D,09,009,14.8766,0,0.05263
D,09,010,18.2843,0,0.1111
D,09,011,16.7618,0,0.05263
D,09,012,17.9625,0,0.04762
D,09,013,17.8729,0,0.05
D,09,016,3.1176,0.00009537,1
D,09,017,15.2043,0,0.05556
D,09,018,16.5522,0,0.05263
D,09,019,20.0073,0,0.3333
D,09,020,19.5773,0,0.09091
D,09,021,18.7023,0,0.07143
D,09,022,18.1873,0,0.04545
D,09,025,3.0372,0.00009537,1
D,09,026,17.6413,0,0.03704
D,09,027,16.3201,0,0.0625
D,09,028,16.7566,0,0.2
D,09,029,19.3991,0,0.09091
D,09,030,18.5326,0,0.08333
D,09,032,7.9584,0.00009537,1
D,09,033,10.8883,0,1
D,09,034,15.7575,0,0.04
D,09,035,16.7656,0,0.04167
D,09,036,16.8697,0,0.03571
D,09,037,20.6212,0,0.06667
D,09,038,18.5045,0,0.05263
D,09,039,17.0947,0,0.05
D,09,040,18.3009,0,0.1538
D,09,041,4.1389,0,1
D,09,042,1.9271,0,1
D,09,044,17.5389,0,0.03704
D,09,045,16.2823,0,0.03333
D,09,046,19.6812,0,0.07692
D,09,047,17.9924,0,0.07692
D,09,048,20.0373,0,0.07692
D,09,049,20.2809,0,0.0625
D,09,050,7.6638,0,1
D,09,054,18.0412,0,0.0303
D,09,055,17.2285,0,0.05882
D,09,056,19.7257,0,0.1667
D,09,057,21.9608,0,0.2
D,09,058,20.6272,0,0.1429
D,09,059,20.6843,0,0.07692
D,09,060,19.6988,0,0.05263
D,09,061,2.6164,0,1
D,09,062,2.8919,0,1
D,09,063,15.1308,0,0.07143
D,09,064,19.0951,0,0.08333
D,09,065,18.5538,0,0.25
D,09,066,17.6628,0,0.1667
D,09,067,20.3439,0,0.125
D,09,068,20.6102,0,0.07143
D,09,069,18.4904,0,0.04545
D,09,070,16.9983,0,0.03333
D,09,071,13.8906,0,0.1111
D,09,072,16.3159,0,0.07143
D,09,073,17.4812,0,0.09091
D,09,074,18.3108,0,0.05263
D,09,075,19.5308,0,0.1111
D,09,076,18.4321,0,0.0625
D,09,077,19.4775,0,0.04167
D,09,078,18.0181,0,0.04167
D,09,080,17.4907,0,0.03448
D,09,081,15.6612,0,0.04167
E,04,001,1.1259,0,0.3088
E,04,002,1.0015,0,0.4211
E,04,003,0.9346,0,0.4483
E,04,004,0.922,0,0.6182
E,04,005,1.0158,0,0.4828
E,04,006,0.892,0,0.675
E,04,007,0.9829,0,0.5122
E,04,008,1.0557,0,0.3725
E,04,009,1.2781,0,0.4808
E,04,010,1.172,0,0.2391
E,04,011,0.9997,0,0.4667
E,04,012,0.9423,0,0.5
E,04,013,1.1171,0,0.4222
E,04,014,1.016,0,0.4516
E,04,015,1.1567,0,0.4839
E,04,016,1.2199,0,0.6389
E,04,017,0.9954,0,0.5714
E,04,018,1.6387,0,0.2069
E,04,019,1.2567,0,0.4754
E,04,020,1.372,0,0.2857
E,04,021,1.3466,0,0.2632
E,04,022,0.9183,0,0.475
E,04,023,1.0047,0,0.64
E,04,024,1.4853,0,0.4
E,04,025,1.3561,0,0.3226
E,04,026,1.0215,0,0.5
E,04,027,1.0496,0,0.4186
E,04,028,1.0667,0,0.48
E,04,029,1.3653,0,0.3333
E,04,030,1.3201,0,0.36
E,04,031,1.2733,0,0.2667
E,04,032,1.3242,0,0.5862
E,04,033,1.2822,0,0.225
E,04,034,1.5187,0,0.2368
E,04,035,1.5005,0,0.2083
E,04,036,1.8172,0,0.32
E,04,037,1.4019,0,0.25
E,04,038,1.8895,0,0.2857
E,04,039,1.5776,0,0.3889
E,04,040,1.4516,0,0.5769
E,04,041,1.3888,0,0.381
E,04,042,1.4214,0,0.3333
E,04,043,1.5062,0,0.5556
E,04,044,1.1666,0,0.1667
E,04,045,1.0441,0,0.4167
E,04,046,1.4562,0,0.4167
E,04,047,2.0128,0,0.4348
E,04,048,1.4459,0,0.2174
E,04,049,1.3363,0,0.4783
E,04,050,1.376,0,0.3333
E,04,051,1.1186,0,0.4062
E,04,052,1.5055,0,0.36
E,04,053,1.2473,0,0.3438
E,04,054,1.0538,0,0.4
E,04,055,1.7706,0,0.3889
E,04,056,1.3565,0,0.3784
E,04,057,1.1534,0,0.4545
E,04,058,1.1719,0,0.2766
E,04,059,1.0291,0,0.5769
E,04,060,1.1771,0,0.2812
E,04,061,1.1696,0,0.3636
E,04,062,1.0298,0,0.3333
E,04,063,0.9739,0,0.5405
E,04,064,1.6466,0,0.1818
E,04,065,1.489,0,0.3235
E,04,066,1.1386,0,0.4
E,04,067,1.0096,0,0.5349
E,04,068,1.1093,0,0.4286
E,04,069,1.0123,0,0.4688
E,04,070,1.0839,0,0.3611
E,04,071,0.8968,0,0.6471
E,04,072,1.0791,0,0.3529
E,04,073,1.7727,0,0.2222
E,04,074,1.3388,0,0.3438
E,04,075,0.9432,0,0.5581
E,04,076,1.2521,0,0.3396
E,04,077,1.1311,0,0.4
E,04,078,1.0015,0,0.6757
E,04,079,1.1601,0,0.413
E,04,080,1.0778,0,0.5085
E,04,081,1.1564,0,0.4211
E,05,001,1.0881,0,0.4348
E,05,002,0.895,0,0.6207
E,05,003,1.0172,0,0.4694
E,05,004,0.9379,0,0.56
E,05,005,0.9984,0,0.3519
E,05,006,1.0211,0,0.3538
E,05,007,1.0083,0,0.4516
E,05,008,0.9629,0,0.4697
E,05,009,1.016,0,0.3636
E,05,010,0.898,0,0.8
E,05,011,1.232,0,0.5385
E,05,012,1.1065,0,0.3846
E,05,013,1.186,0,0.4688
E,05,014,1.0751,0,0.4444
E,05,015,0.9324,0,0.5435
E,05,016,0.9835,0,0.4865
E,05,017,0.9901,0,0.4082
E,05,018,0.9784,0,0.4681
E,05,019,1.0265,0,0.4706
E,05,020,1.0705,0,0.4242
E,05,021,1.1865,0,0.3871
E,05,022,1.488,0,0.5652
E,05,023,1.2279,0,0.4194
E,05,024,1.173,0,0.3077
E,05,025,1.081,0,0.4054
E,05,026,1.0635,0,0.375
E,05,027,1.0638,0,0.4688
E,05,028,1.3113,0,0.2619
E,05,029,1.1467,0,0.5
E,05,030,0.8184,0,1
E,05,031,0.9913,0,0.5217
E,05,032,1.4341,0,0.4
E,05,033,1.1842,0,0.4286
E,05,034,1.4655,0,0.5405
E,05,035,1.292,0,0.3529
E,05,036,1.0748,0,0.5455
E,05,037,0.9965,0,0.4878
E,05,038,1.1672,0,0.5714
E,05,039,1.1715,0,0.4688
E,05,040,1.4858,0,0.5
E,05,041,1.6312,0,0.375
E,05,042,1.5484,0,0.6087
E,05,043,1.3626,0,0.25
E,05,044,1.4046,0,0.6957
E,05,045,1.2508,0,0.4211
E,05,046,1.0682,0,0.5
E,05,047,0.9833,0,0.6667
E,05,048,1.0406,0,0.5161
E,05,049,1.5283,0,0.3462
E,05,050,1.2926,0,0.3529
E,05,051,1.3661,0,0.4333
E,05,052,1.1377,0,0.5789
E,05,053,1.7033,0,0.3478
E,05,054,1.12,0,0.5
E,05,055,0.9413,0,0.5128
E,05,056,1.0363,0,0.4722
E,05,057,1.367,0,0.6875
E,05,058,1.1242,0,0.64
E,05,059,1.3389,0,0.5172
E,05,060,1.1912,0,0.4074
E,05,061,1.1966,0,0.4138
E,05,062,1.1993,0,0.2903
E,05,063,1.6083,0,0.6
E,05,064,1.1298,0,0.2273
E,05,065,1.1945,0,0.3514
E,05,066,1.1594,0,0.5357
E,05,067,1.1657,0,0.5417
E,05,068,1.1897,0,0.5385
E,05,069,1.8529,0,0.5
E,05,070,1.2084,0,0.5333
E,05,071,0.946,0,0.6429
E,05,072,1.8179,0,0.2857
E,05,073,1.2368,0,0.2826
E,05,074,1.3266,0,0.5758
E,05,075,2.3622,0,0.2593
E,05,076,1.2096,0,0.5
E,05,077,1.8577,0,0.225
E,05,078,1.1083,0,0.5217
E,05,079,2.0126,0,0.375
E,05,080,2.8033,0,0.4615
E,05,081,1.2592,0,0.4
E,06,001,5.2688,0,0.4082
E,06,002,5.3428,0,0.3333
E,06,003,8.0854,0,0.5
E,06,004,5.7238,0,0.2308
E,06,005,5.971,0,0.1818
E,06,006,9.2122,0,0.4138
E,06,007,6.959,0,0.2708
E,06,008,5.7502,0,0.413
E,06,009,6.7472,0,0.25
E,06,010,4.0588,0,0.02128
E,06,011,5.773,0,0.2353
E,06,012,6.462,0,0.3409
E,06,013,8.1155,0,0.2258
E,06,014,9.0936,0,0.3421
E,06,015,7.1863,0,0.2766
E,06,016,6.9211,0,0.3051
E,06,017,6.1862,0,0.325
E,06,018,8.5576,0,0.375
E,06,019,6.1737,0,0.4091
E,06,020,6.2935,0,0.3333
E,06,021,6.667,0,0.4359
E,06,022,8.9802,0,0.2609
E,06,023,9.3415,0,0.3913
E,06,024,7.6508,0,0.1667
E,06,025,7.2783,0,0.1944
E,06,026,9.2429,0,0.36
E,06,027,7.1203,0,0.2326
E,06,028,5.8294,0,0.2917
E,06,029,6.3089,0,0.3784
E,06,030,8.3983,0,0.4118
E,06,031,10.63,0,0.3043
E,06,032,7.7613,0,0.1379
E,06,033,7.3842,0,0.5
E,06,034,8.182,0,0.2609
E,06,035,10.1005,0,0.3667
E,06,036,12.9158,0,0.375
E,06,037,10.9375,0,0.3125
E,06,038,6.9377,0,0.4468
E,06,039,8.8908,0,0.4375
E,06,040,10.5463,0,0.7059
E,06,041,9.295,0,0.3
E,06,042,9.5838,0,0.45
E,06,043,11.2914,0,0.4667
E,06,044,14.9522,0,0.8333
E,06,045,11.9156,0,0.6667
E,06,046,7.0879,0,0.3871
E,06,047,8.6234,0,0.5
E,06,048,9.3258,0,0.1071
E,06,049,9.4954,0,0.1667
E,06,050,10.6471,0,0.7368
E,06,051,12.4997,0,0.3846
E,06,052,9.5093,0,0.36
E,06,053,15.9855,0,0.5
E,06,054,8.3515,0,1
E,06,055,6.5212,0,0.3902
E,06,056,9.7137,0,0.3
E,06,057,3.5482,0,0.05
E,06,058,10.2833,0,0.4
E,06,059,8.6313,0,0.5833
E,06,060,10.7423,0,0.1111
E,06,061,11.5559,0,0.6154
E,06,062,16.4111,0,0.6667
E,06,063,8.6611,0,0.3889
E,06,064,4.9917,0,0.3091
E,06,065,8.3439,0,0.04762
E,06,066,10.462,0,0.5556
E,06,067,8.7634,0,0.4667
E,06,068,13.2671,0,0.7143
E,06,069,11.6432,0,0.5455
E,06,070,12.7012,0,0.4
E,06,071,10.5089,0,0.3103
E,06,072,10.3942,0,0.08696
E,06,073,4.7167,0,0.1132
E,06,074,4.7863,0,0.04082
E,06,075,5.8067,0,0.3824
E,06,076,6.1982,0,0.3333
E,06,077,10.944,0,0.25
E,06,078,10.0882,0,0.1111
E,06,079,10.0627,0,0.5
E,06,080,11.869,0,0.5
E,06,081,8.4864,0,0.4286
E,07,001,6.6687,0,0.04348
E,07,002,8.0069,0,0.4348
E,07,003,6.133,0,0.1071
E,07,004,6.6059,0,0.4359
E,07,005,6.3197,0,0.025
E,07,006,6.5349,0,0.2778
E,07,007,6.3201,0,0.02439
E,07,008,5.7584,0,0.2128
E,07,009,5.3098,0,0.03175
E,07,010,4.9871,0,0.42
E,07,011,5.3424,0,0.02381
E,07,012,9.2118,0,0.3043
E,07,013,7.6012,0,0.6
E,07,014,7.7349,0,0.5455
E,07,015,7.4094,0,0.5185
E,07,016,6.5086,0,0.1957
E,07,017,4.7882,0,0.2264
E,07,018,5.4795,0,0.0274
E,07,019,6.5348,0,0.3667
E,07,020,8.057,0,0.25
E,07,021,8.2675,0,0.3077
E,07,022,7.4459,0,0.2759
E,07,023,8.2773,0,0.12
E,07,024,10.9755,0,0.375
E,07,025,8.8629,0,0.0625
E,07,026,6.2633,0,0.2075
E,07,027,5.3004,0,0.1791
E,07,028,5.9382,0,0.1525
E,07,029,7.2197,0,0.325
E,07,030,9.7955,0,0.3667
E,07,031,8.3788,0,0.1429
E,07,032,13.9824,0,0.5
E,07,033,8.9915,0,0.1429
E,07,034,6.614,0,0.4595
E,07,035,6.4245,0,0.35
E,07,036,5.7926,0,0.1489
E,07,037,6.1274,0,0.2432
E,07,038,8.0743,0,0.275
E,07,039,9.7217,0,0.2941
E,07,040,7.4302,0,0.25
E,07,041,10.0254,0,0.1364
E,07,042,11.3957,0,0.5
E,07,043,5.1051,0,0.02222
E,07,044,7.69,0,0.2927
E,07,045,7.266,0,0.4286
E,07,046,5.8627,0,0.5122
E,07,047,7.0344,0,0.4
E,07,048,7.1086,0,0.2368
E,07,049,9.4479,0,0.09091
E,07,050,9.3434,0,0.32
E,07,051,12.7489,0,0.3
E,07,052,9.0787,0,0.4286
E,07,053,8.0529,0,0.2727
E,07,054,6.7864,0,0.2542
E,07,055,4.2054,0,0.05
E,07,056,7.3913,0,0.4138
E,07,057,8.6149,0,0.4074
E,07,058,9.2827,0,0.4286
E,07,059,10.3398,0,0.3889
E,07,060,16.4234,0,0.4286
E,07,061,11.5888,0,0.6667
E,07,062,10.4798,0,0.3846
E,07,063,5.9382,0,0.2174
E,07,064,5.0611,0,0.25
E,07,065,7.9625,0,0.4643
E,07,066,12.9236,0,0.7778
E,07,067,6.4011,0,0.08333
E,07,069,8.3103,0.00009537,0.2
E,07,070,10.8426,0,0.07143
E,07,071,1.3186,0,1.5
E,07,072,5.3226,0,0.2262
E,07,073,5.4851,0,0.3871
E,07,074,6.726,0,0.16
E,07,075,9.7416,0,0.5217
E,07,076,13.031,0,0.1538
E,07,077,8.9619,0,0.1892
E,07,079,11.4353,0.00009537,0.2273
E,07,080,5.2021,0,0.09804
E,07,081,4.484,0,0.2754
E,08,001,17.2166,0,0.2
E,08,002,17.8049,0,0.07692
E,08,003,17.6676,0,0.1
E,08,004,16.5995,0,0.07692
E,08,005,16.7551,0,0.05556
E,08,006,15.9008,0,0.1
E,08,007,16.8075,0,0.09091
E,08,008,15.2154,0,0.125
E,08,009,16.1521,0,0.09091
E,08,010,18.0205,0,0.06667
E,08,012,18.4228,0,0.09091
E,08,013,18.2282,0,0.06667
E,08,015,15.809,0.00009537,0.06667
E,08,016,16.5833,0,0.05
E,08,017,15.9717,0,0.1111
E,08,018,16.563,0,0.07692
E,08,019,18.8956,0,0.1429
E,08,020,18.5444,0,0.1111
E,08,021,19.2661,0,0.1
E,08,022,17.0755,0,0.1667
E,08,023,18.2699,0,0.0625
E,08,024,18.86,0,0.2
E,08,025,18.5444,0,0.07692
E,08,026,16.6332,0,0.1429
E,08,027,15.519,0,0.1
E,08,028,18.3442,0,0.07692
E,08,029,17.8646,0,0.1
E,08,030,17.302,0,0.08333
E,08,031,18.9494,0,0.125
E,08,032,19.4923,0,0.05263
E,08,033,18.8513,0,0.08333
E,08,034,17.8064,0,0.07143
E,08,035,18.1668,0,0.1
E,08,036,16.3664,0,0.03846
E,08,037,17.2781,0,0.09091
E,08,038,19.2763,0,0.1111
E,08,040,16.9171,0,0.05
E,08,041,18.6243,0,0.03571
E,08,042,16.5432,0,0.05
E,08,043,15.8827,0,0.1
E,08,044,16.3775,0,0.05556
E,08,045,16.7977,0,0.1
E,08,046,16.8689,0,0.1429
E,08,047,19.5842,0,0.125
E,08,048,18.1293,0,0.08333
E,08,049,17.2967,0,0.05556
E,08,051,17.6699,0.00009537,0.05556
E,08,052,18.3156,0,0.09091
E,08,053,16.7527,0,0.08333
E,08,054,16.0999,0,0.1
E,08,055,16.7577,0,0.05263
E,08,056,17.8287,0,0.09091
E,08,057,17.7361,0,0.1
E,08,058,17.4672,0,0.05263
E,08,059,17.7601,0,0.05882
E,08,060,17.63,0,0.04167
E,08,061,18.353,0,0.0625
E,08,062,16.0374,0,0.07143
E,08,063,16.5168,0,0.07143
E,08,064,18.7667,0,0.0625
E,08,065,17.6567,0,0.125
E,08,066,18.9358,0,0.2222
E,08,067,17.2341,0,0.05556
E,08,068,16.8851,0,0.04167
E,08,069,18.493,0,0.05556
E,08,070,15.3952,0,0.07143
E,08,071,15.3444,0,0.07692
E,08,072,16.0241,0,0.05556
E,08,073,17.1188,0,0.09091
E,08,074,17.1821,0,0.1538
E,08,075,17.4425,0,0.1
E,08,076,10.8955,0,1
E,08,077,17.1946,0,0.07143
E,08,078,18.0971,0,0.07692
E,08,079,15.2316,0,0.3333
E,08,080,16.9146,0,0.125
E,08,081,15.8684,0,0.1053
E,09,001,17.233,0,0.07143
E,09,002,19.318,0,0.125
E,09,003,18.7836,0,0.08333
E,09,004,18.4527,0,0.05263
E,09,005,17.6134,0,0.09091
E,09,006,16.6271,0,0.07143
E,09,007,15.2755,0,0.07692
E,09,008,16.2906,0,0.0625
E,09,009,11.9883,0,0.25
E,09,010,19.9966,0,0.1667
E,09,011,19.5469,0,0.1
E,09,012,21.0875,0,0.1429
E,09,013,19.1661,0,0.05882
E,09,014,19.3759,0,0.1667
E,09,015,16.6331,0,0.05556
E,09,016,15.9716,0,0.05882
E,09,017,15.5169,0,0.04348
E,09,018,14.037,0,0.1111
E,09,019,21.4206,0,0.5
E,09,020,17.7204,0,0.09091
E,09,021,19.6072,0,0.25
E,09,022,18.1669,0,0.125
E,09,023,17.6291,0,0.1111
E,09,024,18.6037,0,0.05882
E,09,025,15.0831,0,0.04762
E,09,026,16.6863,0,0.03571
E,09,027,15.2211,0,0.1667
E,09,028,20.1539,0,0.125
E,09,029,21.865,0,1
E,09,030,20.5501,0,0.09091
E,09,031,20.2924,0,0.1667
E,09,032,19.1346,0,0.1111
E,09,033,15.0945,0,0.125
E,09,034,15.0602,0,0.09091
E,09,035,17.8049,0,0.05882
E,09,036,16.7275,0,0.04
E,09,037,22.0015,0,0.3333
E,09,038,21.5936,0,0.2
E,09,039,20.2095,0,0.2
E,09,040,20.3094,0,0.2
E,09,041,19.8381,0,0.125
E,09,042,19.4498,0,0.06667
E,09,043,17.478,0,0.125
E,09,044,18.954,0,0.05263
E,09,045,17.0693,0,0.03226
E,09,046,21.8187,0,0.3333
E,09,047,22.8299,0,0.3333
E,09,048,20.2292,0,0.1667
E,09,049,22.2361,0,0.5
E,09,050,21.7343,0,0.1429
E,09,051,20.3704,0,0.125
E,09,052,20.0164,0,0.06667
E,09,053,17.6958,0,0.07143
E,09,054,16.4375,0,0.07692
E,09,055,18.4296,0,0.125
E,09,056,21.279,0,0.1667
E,09,057,21.8984,0,0.125
E,09,058,18.0715,0,0.5
E,09,059,21.4173,0,0.5
E,09,060,20.6719,0,0.1111
E,09,061,20.108,0,0.08333
E,09,062,17.8698,0,0.07692
E,09,063,17.2435,0,0.04167
E,09,064,20.3553,0,0.125
E,09,066,20.1864,0.00009537,0.1667
E,09,067,19.3182,0,0.09091
E,09,069,18.4014,0.00009537,0.07143
E,09,070,19.6785,0,0.05882
E,09,071,17.3533,0,0.1
E,09,072,17.1144,0,0.0625
E,09,073,17.9083,0,0.2
E,09,074,18.6847,0,0.125
E,09,075,18.851,0,0.05
E,09,076,17.5303,0,0.07692
E,09,077,18.4484,0,0.05263
E,09,078,16.1581,0,0.1429
E,09,079,17.0198,0,0.04167
E,09,080,16.4482,0,0.05263
E,09,081,16.9543,0,0.1
F,04,001,1.1274,0,0.68
F,04,002,1.086,0,0.3667
F,04,003,1.1662,0,0.5333
F,04,004,1.3635,0,0.5
F,04,005,1.2745,0,0.3214
F,04,006,1.3564,0,0.2353
F,04,007,1.1243,0,0.3929
F,04,008,1.4698,0,0.381
F,04,009,1.5824,0,0.4194
F,04,010,1.3286,0,0.2273
F,04,011,1.7025,0,0.1579
F,04,012,1.7085,0,0.5185
F,04,013,1.5806,0,0.2692
F,04,014,1.4818,0,0.3043
F,04,015,1.3288,0,0.5
F,04,016,1.0966,0,0.56
F,04,017,1.3283,0,0.3333
F,04,018,1.5801,0,0.2778
F,04,019,2.1622,0,0.2
F,04,020,1.4121,0,0.4667
F,04,021,2.1861,0,0.3333
F,04,022,1.3703,0,0.4
F,04,023,1.3775,0,0.6842
F,04,024,2.1152,0,0.15
F,04,025,1.0998,0,0.5652
F,04,026,1.2596,0,0.3043
F,04,027,1.5698,0,0.5
F,04,028,1.9841,0,0.375
F,04,029,1.8955,0,0.5556
F,04,030,2.5892,0,0.2222
F,04,031,1.9288,0,0.4375
F,04,032,2.6562,0,0.1429
F,04,033,1.8986,0,0.5625
F,04,034,1.8792,0,0.15
F,04,035,1.6401,0,0.1667
F,04,036,1.4495,0,0.2308
F,04,037,3.5639,0,0.3077
F,04,038,1.2579,0,0.5455
F,04,039,1.9569,0,0.2727
F,04,040,1.9116,0,0.1111
F,04,041,3.3204,0,0.5882
F,04,042,1.7377,0,0.25
F,04,043,1.4675,0,0.4375
F,04,044,1.4709,0,0.25
F,04,045,1.3217,0,0.3913
F,04,046,3.0229,0,0.3333
F,04,047,4.2606,0,1
F,04,048,1.3052,0,0.6667
F,04,049,1.8219,0,0.3846
F,04,050,2.3157,0,0.75
F,04,051,1.8786,0,0.2353
F,04,052,2.1724,0,0.4118
F,04,053,1.3537,0,0.6
F,04,054,1.5132,0,0.4815
F,04,055,3.919,0,0.4
F,04,056,2.3937,0,0.375
F,04,057,1.5527,0,0.5385
F,04,058,6.6441,0,1.1667
F,04,059,1.423,0,0.6154
F,04,060,1.3662,0,0.5333
F,04,061,1.6498,0,0.6667
F,04,062,1.3922,0,0.5357
F,04,063,1.0259,0,0.7308
F,04,064,3.7724,0,0.4286
F,04,065,2.8591,0,0.7778
F,04,066,3.0773,0,0.4286
F,04,067,2.1488,0,0.5556
F,04,068,1.0544,0,0.8
F,04,069,1.7755,0,0.3529
F,04,070,1.3276,0,0.45
F,04,071,1.1813,0,0.4412
F,04,072,1.1482,0,0.2821
F,04,073,2.2131,0,0.2917
F,04,074,2.4023,0,0.4091
F,04,075,1.4895,0,0.4167
F,04,076,1.998,0,0.625
F,04,077,1.7513,0,0.2857
F,04,078,1.8094,0,0.55
F,04,079,1.4534,0,0.1875
F,04,080,1.0415,0,0.5294
F,04,081,1.1338,0,0.3939
F,05,001,1.142,0,0.4062
F,05,002,2.0592,0,0.1176
F,05,003,5.5877,0,0.25
F,05,004,1.9974,0,0.6667
F,05,005,2.8751,0,0.25
F,05,006,4.5804,0,0.4
F,05,007,15.4697,0,0.6667
F,05,008,1.6395,0,0.6667
F,05,009,2.5934,0,0.75
F,05,010,2.301,0,0.25
F,05,011,2.196,0,0.4286
F,05,012,1.7487,0,0.2222
F,05,013,1.8449,0,0.6667
F,05,014,10.3927,0,0.4286
F,05,015,3.7479,0,0.4
F,05,016,2.9369,0,0.625
F,05,017,3.456,0,0.5556
F,05,018,1.8329,0,0.3077
F,05,019,1.5917,0,0.3889
F,05,020,1.629,0,0.5
F,05,021,3.6437,0,0.4
F,05,022,1.8181,0,0.6
F,05,023,1.7597,0,0.5
F,05,024,3.1969,0,0.2222
F,05,025,2.7012,0,0.1667
F,05,026,5.1871,0,0.25
F,05,027,3.1997,0,0.5
F,05,028,1.0931,0,0.4333
F,05,029,3.2034,0,0.3333
F,05,030,2.2886,0,0.25
F,05,031,2.0013,0,0.4
F,05,032,4.8796,0,0.5
F,05,033,5.0175,0,0.2
F,05,034,2.6154,0,0.8333
F,05,035,1.8485,0,0.5833
F,05,036,4.4835,0,0.4167
F,05,037,1.3889,0,0.375
F,05,038,2.7924,0,0.4615
F,05,039,12.0207,0,0.25
F,05,040,9.1397,0,1
F,05,041,7.8065,0,0.3333
F,05,042,3.1785,0,0.2857
F,05,043,2.6042,0,0.7778
F,05,044,1.6877,0,0.5833
F,05,045,1.3764,0,0.4615
F,05,046,1.2303,0,0.5217
F,05,047,4.3717,0,0.6667
F,05,048,14.6832,0,0.125
F,05,049,19.3993,0,0.2
F,05,050,5.1241,0,0.5
F,05,051,2.8101,0,0.8
F,05,052,11.2993,0,0.1111
F,05,053,2.2341,0,0.3333
F,05,054,0.7961,0,1
F,05,055,1.6222,0,0.3125
F,05,056,2.1154,0,0.5882
F,05,057,6.5627,0,1
F,05,058,10.7436,0,0.6667
F,05,059,2.7483,0,0.4
F,05,060,2.9126,0,0.3333
F,05,061,3.091,0,0.4
F,05,062,2.4213,0,0.3571
F,05,063,1.3422,0,0.4444
F,05,064,1.5934,0,0.3929
F,05,065,2.0888,0,0.4706
F,05,066,2.1652,0,0.3333
F,05,067,17.7855,0,0.2
F,05,068,7.3578,0,1.3333
F,05,069,5.46,0,0.6
F,05,070,2.8649,0,0.2222
F,05,071,1.5659,0,0.3333
F,05,072,1.0088,0,0.525
F,05,073,1.3238,0,0.3333
F,05,074,2.094,0,0.3333
F,05,075,1.4853,0,0.4167
F,05,076,1.9819,0,0.2857
F,05,077,3.9105,0,0.375
F,05,078,3.3753,0,0.1429
F,05,079,1.182,0,0.56
F,05,080,1.3287,0,0.3333
F,05,081,1.0939,0,0.5
F,06,001,12.3182,0,0.6
F,06,002,11.5102,0,0.4545
F,06,003,9.7016,0,0.6
F,06,004,7.2849,0,0.5238
F,06,005,10.3685,0,0.09524
F,06,006,9.9977,0,0.1818
F,06,007,7.2838,0,0.16
F,06,008,8.6387,0,0.2703
F,06,009,7.8629,0,0.4722
F,06,010,19.9901,0,1
F,06,011,18.5533,0,1
F,06,012,10.0547,0,0.5
F,06,013,8.7056,0,0.3636
F,06,014,9.9818,0,0.2
F,06,015,8.8472,0,0.3333
F,06,016,11.9788,0,0.6154
F,06,017,8.223,0,0.4783
F,06,018,7.1698,0,0.06452
F,06,019,15.5959,0,0.1667
F,06,020,13.6161,0,0.3333
F,06,021,16.1933,0,0.6
F,06,022,11.4426,0,0.1818
F,06,023,9.165,0,0.1304
F,06,024,8.2312,0,0.2
F,06,025,6.0043,0,0.05882
F,06,026,7.3343,0,0.4167
F,06,027,7.9489,0,0.1
F,06,028,17.4537,0,0.5
F,06,029,9.8009,0,0.08333
F,06,030,16.5267,0,0.3
F,06,031,11.5693,0,0.4615
F,06,032,9.7875,0,0.1765
F,06,033,9.0536,0,0.5385
F,06,034,10.1726,0,0.4118
F,06,035,6.0271,0,0.04545
F,06,036,7.3951,0,0.4516
F,06,037,16.804,0,0.3333
F,06,038,15.7137,0,0.1429
F,06,039,14.5869,0,0.3333
F,06,040,11.5763,0,0.5333
F,06,041,11.7719,0,0.5
F,06,042,10.9731,0,0.2
F,06,043,8.5089,0,0.3846
F,06,044,8.3686,0,0.4286
F,06,045,6.3568,0,0.1667
F,06,046,20.1591,0,0.25
F,06,047,13.7464,0,0.8
F,06,048,14.217,0,0.5
F,06,049,13.3362,0,0.2727
F,06,050,12.0811,0,0.1
F,06,051,15.2316,0,0.1333
F,06,052,13.4269,0,0.25
F,06,053,11.941,0,0.3333
F,06,054,9.9835,0,0.5
F,06,055,12.6688,0,0.2
F,06,056,19.8844,0,0.1
F,06,057,20.8463,0,0.2
F,06,058,18.742,0,0.2
F,06,059,13.4068,0,0.1538
F,06,060,15.823,0,0.09091
F,06,061,12.6445,0,0.03125
F,06,062,11.4462,0,0.7273
F,06,063,8.065,0,0.2258
F,06,064,15.305,0,0.2857
F,06,065,15.9003,0,0.5
F,06,066,12.4222,0,0.875
F,06,067,14.3748,0,0.5
F,06,068,13.3222,0,0.25
F,06,069,12.6595,0,0.5
F,06,070,16.8769,0,0.5
F,06,071,14.9603,0,0.1111
F,06,072,7.8758,0,0.5417
F,06,073,12.5698,0,0.4348
F,06,074,9.5741,0,0.4762
F,06,075,14.0391,0,0.4444
F,06,076,14.0217,0,0.2
F,06,077,14.6449,0,0.1111
F,06,078,8.9959,0,0.6667
F,06,079,12.8666,0,0.4
F,06,080,11.9897,0,0.5333
F,06,081,9.7675,0,0.05882
F,07,001,7.7403,0,0.3158
F,07,002,9.6805,0,0.25
F,07,003,9.447,0,0.625
F,07,004,10.7607,0,0.3333
F,07,005,9.5731,0,0.5
F,07,006,10.6644,0,0.4286
F,07,007,12.6727,0,0.625
F,07,008,14.4424,0,0.4286
F,07,009,9.942,0,0.3182
F,07,010,2.2676,0,2
F,07,011,8.1408,0,0.1379
F,07,012,13.6768,0,0.5
F,07,013,9.2879,0,0.1538
F,07,014,14.4736,0,0.4444
F,07,015,12.802,0,0.05556
F,07,016,15.5315,0,0.4
F,07,017,15.8427,0,0.5
F,07,018,2.1634,0,1
F,07,019,7.3215,0,0.2647
F,07,020,9.9134,0,0.2381
F,07,021,9.5252,0,0.5625
F,07,022,11.206,0,0.5
F,07,023,12.1632,0,0.7273
F,07,024,13.9072,0,0.5
F,07,025,13.1185,0,0.3636
F,07,026,14.2081,0,0.3571
F,07,027,19.3373,0,0.6667
F,07,028,9.5743,0,0.24
F,07,029,11.5047,0,0.4
F,07,030,17.9801,0,0.125
F,07,031,17.607,0,0.4444
F,07,032,16.3138,0,0.1111
F,07,033,9.8811,0,0.2
F,07,034,20.6623,0,0.125
F,07,035,13.3296,0,0.07143
F,07,036,19.8442,0,0.1429
F,07,037,13.866,0,0.1429
F,07,038,18.3239,0,0.1667
F,07,039,17.056,0,0.6
F,07,040,17.4756,0,0.25
F,07,041,12.4606,0,0.1538
F,07,042,16.3722,0,0.4545
F,07,043,17.364,0,0.125
F,07,044,16.5735,0,0.125
F,07,045,19.0662,0,0.09091
F,07,046,3.9977,0,0.07143
F,07,047,16.3125,0,0.2
F,07,048,13.0783,0,0.1429
F,07,049,18.9484,0,0.3333
F,07,050,18.3204,0,0.1111
F,07,051,17.0721,0,0.1
F,07,052,19.8197,0,0.2
F,07,053,19.2584,0,0.25
F,07,054,20.744,0,0.3333
F,07,055,10.3674,0,0.7273
F,07,056,11.6444,0,0.5
F,07,057,15.717,0,0.2
F,07,058,19.7173,0,0.3333
F,07,059,17.0957,0,0.2
F,07,060,20.489,0,0.5
F,07,061,20.5035,0,1
F,07,062,17.7398,0,0.1667
F,07,063,20.7717,0,0.5
F,07,064,7.9134,0,0.1538
F,07,065,15.5096,0,0.2857
F,07,066,17.8673,0,0.25
F,07,067,18.0289,0,0.1667
F,07,068,16.281,0,1
F,07,069,15.5725,0,0.5
F,07,070,20.6689,0,0.5
F,07,071,17.0759,0,0.5714
F,07,072,16.9526,0,0.5
F,07,073,6.5735,0,0.03846
F,07,074,13.3913,0,0.3636
F,07,075,19.1271,0,1
F,07,076,18.5227,0,0.2
F,07,077,16.5199,0,0.5455
F,07,078,11.0421,0,0.3636
F,07,079,15.5998,0,0.3077
F,07,080,10.7027,0,0.6471
F,07,081,1.859,0,0.05405
F,08,001,16.8629,0,0.09091
F,08,002,17.6849,0,0.1111
F,08,003,16.1737,0,0.03704
F,08,004,14.2184,0,0.1
F,08,005,16.5297,0,0.2222
F,08,006,20.1263,0,0.1429
F,08,007,17.6147,0,0.125
F,08,008,13.5856,0,0.09091
F,08,009,16.9252,0,0.05556
F,08,010,18.7644,0,0.1111
F,08,011,17.4538,0,0.04545
F,08,012,16.4132,0,0.04348
F,08,013,15.7392,0,0.04762
F,08,014,12.7817,0,0.2
F,08,015,14.3837,0,0.04348
F,08,016,14.5965,0,0.05263
F,08,017,15.2371,0,0.04545
F,08,018,14.3865,0,0.05556
F,08,019,17.197,0,0.1
F,08,020,17.6369,0,0.07143
F,08,021,16.0613,0,0.0303
F,08,022,13.3109,0,0.05882
F,08,023,11.9828,0,0.05263
F,08,024,15.1467,0,0.02439
F,08,025,16.8979,0,0.1429
F,08,026,17.303,0,0.04762
F,08,027,15.5761,0,0.04348
F,08,028,17.6301,0,0.08333
F,08,029,18.8749,0,0.06667
F,08,030,16.5543,0,0.05263
F,08,031,15.9964,0,0.03846
F,08,032,16.8404,0,0.02703
F,08,033,16.6675,0,0.02632
F,08,035,16.9839,0.00009537,0.04348
F,08,036,14.8306,0,0.06667
F,08,037,18.1226,0,0.05263
F,08,038,17.3285,0,0.04762
F,08,039,16.6063,0,0.03571
F,08,040,16.5946,0,0.1111
F,08,041,17.1901,0,0.04348
F,08,042,18.2207,0,0.04167
F,08,043,16.2126,0,0.03571
F,08,044,17.4695,0,0.03704
F,08,045,16.3682,0,0.05263
F,08,046,18.9162,0,0.07143
F,08,047,19.6215,0,0.08333
F,08,048,19.3481,0,0.08333
F,08,049,14.5525,0,0.25
F,08,050,16.1121,0,0.02381
F,08,051,17.3671,0,0.03846
F,08,052,18.5017,0,0.04762
F,08,053,18.697,0,0.1
F,08,054,15.9736,0,0.05
F,08,055,18.8002,0,0.07692
F,08,056,21.0321,0,0.125
F,08,057,15.7808,0,0.07692
F,08,058,18.8762,0,0.06667
F,08,059,17.1723,0,0.05882
F,08,060,19.1646,0,0.07143
F,08,061,19.4306,0,0.05882
F,08,062,18.3179,0,0.0625
F,08,063,18.1193,0,0.04762
F,08,064,18.6028,0,0.125
F,08,065,18.2874,0,0.05556
F,08,066,16.3694,0,0.125
F,08,067,16.2176,0,0.07692
F,08,068,19.6734,0,0.08333
F,08,069,18.2376,0,0.05263
F,08,070,18.5422,0,0.1
F,08,071,19.32,0,0.05882
F,08,072,15.564,0,0.04762
F,08,073,14.8482,0,0.06667
F,08,074,17.3054,0,0.07692
F,08,075,20.504,0,0.1667
F,08,076,17.7155,0,0.09091
F,08,077,18.4632,0,0.05263
F,08,078,18.3771,0,0.07692
F,08,079,16.0239,0,0.06667
F,08,080,16.0666,0,0.04
F,08,081,15.0409,0,0.1818
F,09,001,18.0576,0,0.05263
F,09,002,18.3773,0,0.09091
F,09,003,17.774,0,0.09091
F,09,004,15.6607,0,0.1176
F,09,005,17.0537,0,0.03226
F,09,006,19.9892,0,0.08333
F,09,007,17.8183,0,0.07692
F,09,008,16.1963,0,0.07692
F,09,009,15.9127,0,0.03846
F,09,010,19.1957,0,0.125
F,09,011,14.7901,0,0.08333
F,09,012,20.093,0,0.1667
F,09,013,18.9342,0,0.07143
F,09,014,18.3526,0,0.125
F,09,015,17.6455,0,0.05556
F,09,016,15.7708,0,0.03846
F,09,017,19.378,0,0.1429
F,09,018,16.7764,0,0.07143
F,09,019,18.5277,0,0.3333
F,09,020,19.872,0,0.2
F,09,021,20.8112,0,1
F,09,022,17.9902,0,0.1818
F,09,023,18.7295,0,0.07692
F,09,024,18.9765,0,0.2
F,09,025,20.4828,0,0.3333
F,09,026,19.2107,0,0.08333
F,09,027,17.3933,0,0.06667
F,09,028,20.8186,0,0.5
F,09,029,18.2234,0,0.08333
F,09,030,15.9584,0,0.1111
F,09,031,20.3701,0,0.08333
F,09,032,17.8399,0,0.1538
F,09,033,19.4936,0,0.1429
F,09,034,19.45,0,0.05556
F,09,035,17.4024,0,0.05556
F,09,036,17.2961,0,0.05556
F,09,037,18.8098,0,0.25
F,09,038,18.5027,0,0.5
F,09,039,19.1043,0,0.1111
F,09,040,19.083,0,0.1111
F,09,041,19.7675,0,0.07692
F,09,042,20.1227,0,0.0625
F,09,043,18.0917,0,0.05263
F,09,044,16.9722,0,0.05556
F,09,045,12.7297,0,0.05882
F,09,046,20.1114,0,0.1
F,09,047,19.69,0,0.25
F,09,048,20.1378,0,0.2
F,09,049,21.0917,0,0.2
F,09,050,20.0338,0,0.1
F,09,051,19.8144,0,0.125
F,09,052,17.761,0,0.05
F,09,053,16.353,0,0.05
F,09,054,15.4666,0,0.05882
F,09,055,20.8752,0,0.5
F,09,056,20.5935,0,0.1667
F,09,057,20.7664,0,0.2857
F,09,058,20.1923,0,0.1429
F,09,059,18.942,0,0.25
F,09,060,21.1688,0,0.3333
F,09,061,17.4076,0,0.05882
F,09,062,17.1045,0,0.02857
F,09,063,16.3285,0,0.04545
F,09,064,18.275,0,0.6667
F,09,065,20.9202,0,1
F,09,066,17.699,0,0.1667
F,09,068,20.4223,0.00009537,0.1
F,09,069,20.6892,0,0.09091
F,09,070,18.7216,0,0.03846
F,09,071,16.1578,0,0.08333
F,09,072,13.3324,0,0.1053
F,09,073,18.1955,0,0.07143
F,09,074,20.5856,0,0.2
F,09,075,19.6237,0,0.2
F,09,076,21.408,0,0.3333
F,09,077,20.1362,0,0.1667
F,09,078,18.5217,0,0.07143
F,09,079,18.1326,0,0.08333
F,09,080,17.8054,0,0.04
F,09,081,16.4318,0,0.04762
G,04,001,1.1777,0,0.3243
G,04,002,1.484,0,0.5294
G,04,003,3.13,0,0.1111
G,04,004,2.4594,0,0.2857
G,04,005,2.4564,0,0.5714
G,04,006,2.1273,0,0.6364
G,04,007,1.9182,0,0.7143
G,04,008,1.7097,0,0.5
G,04,009,1.9942,0,0.5455
G,04,010,1.3815,0,0.2692
G,04,011,3.8664,0,0.1667
G,04,012,2.285,0,0.625
G,04,013,1.9403,0,0.5714
G,04,014,1.5927,0,0.2632
G,04,015,1.3281,0,0.4211
G,04,016,1.4198,0,0.2667
G,04,017,1.7796,0,0.4375
G,04,018,1.7349,0,0.1429
G,04,019,2.1796,0,0.5294
G,04,020,2.5655,0,0.25
G,04,021,1.9908,0,0.375
G,04,022,1.4974,0,0.2857
G,04,023,1.7063,0,0.4286
G,04,024,2.7735,0,0.5
G,04,025,2.358,0,0.6
G,04,026,3.2178,0,0.375
G,04,027,2.3152,0,0.6667
G,04,028,1.7656,0,0.375
G,04,029,2.32,0,0.09091
G,04,030,4.0432,0,0.5714
G,04,031,4.2381,0,0.2222
G,04,032,1.8974,0,0.375
G,04,033,2.2381,0,0.4
G,04,034,4.3507,0,1
G,04,035,3.3771,0,0.3158
G,04,036,2.6465,0,0.7143
G,04,037,1.3861,0,0.7
G,04,038,2.0609,0,0.75
G,04,039,1.8452,0,0.4615
G,04,040,3.4206,0,0.5833
G,04,041,2.4502,0,0.5
G,04,042,2.2214,0,0.2
G,04,043,4.5311,0,0.5
G,04,044,5.136,0,0.5714
G,04,045,6.3955,0,0.4167
G,04,046,3.0219,0,0.3636
G,04,047,2.4986,0,0.7
G,04,048,1.544,0,0.3571
G,04,049,4.3095,0,0.7778
G,04,050,2.4395,0,0.25
G,04,051,1.9542,0,0.8182
G,04,052,9.7359,0,0.8
G,04,053,2.7926,0,0.625
G,04,054,2.5635,0,0.625
G,04,055,1.3623,0,0.4211
G,04,056,1.5304,0,0.2083
G,04,057,2.9532,0,0.6
G,04,058,3.0698,0,0.1818
G,04,059,1.9229,0,0.7143
G,04,060,4.1119,0,0.3333
G,04,061,2.7556,0,0.2727
G,04,062,1.8175,0,0.52
G,04,063,1.5863,0,0.25
G,04,064,0.8217,0,0.8462
G,04,065,0.9419,0,0.8333
G,04,066,1.2351,0,0.5238
G,04,067,1.6164,0,0.2857
G,04,068,1.6611,0,0.3571
G,04,069,1.4571,0,0.4286
G,04,070,1.6268,0,0.3333
G,04,071,1.1177,0,0.65
G,04,072,1.3511,0,0.3158
G,04,073,1.037,0,0.5185
G,04,074,1.3639,0,0.2812
G,04,075,1.2968,0,0.6
G,04,076,1.3079,0,0.3125
G,04,077,1.6892,0,0.2941
G,04,078,1.2723,0,0.3333
G,04,079,0.9193,0,0.6667
G,04,080,1.0514,0,0.5484
G,04,081,1.3277,0,0.4643
G,05,001,1.7816,0,0.1875
G,05,002,1.621,0,0.4286
G,05,003,4.0026,0,0.4167
G,05,004,2.0775,0,1.6667
G,05,005,2.292,0,0.25
G,05,006,1.5981,0,0.4
G,05,007,1.6299,0,0.1111
G,05,008,1.6437,0,0.4118
G,05,009,1.5424,0,0.55
G,05,010,1.4809,0,0.3684
G,05,011,1.5314,0,0.5
G,05,012,2.5666,0,1
G,05,013,3.0807,0,0.75
G,05,014,1.8916,0,0.3684
G,05,015,2.9437,0,0.8571
G,05,016,2.1242,0,0.5625
G,05,017,2.6364,0,0.2083
G,05,018,2.3244,0,0.3158
G,05,019,1.2338,0,0.5333
G,05,020,2.9899,0,0.4444
G,05,021,4.7902,0,0.6667
G,05,022,1.3062,0,0.5
G,05,023,4.4095,0,0.4
G,05,024,2.8047,0,0.6
G,05,025,3.7468,0,0.07143
G,05,026,1.8869,0,0.4
G,05,027,2.271,0,0.7273
G,05,028,2.0373,0,0.6667
G,05,029,3.8227,0,0.3333
G,05,030,3.2712,0,0.1667
G,05,031,3.3139,0,0.6
G,05,032,2.4595,0,0.6
G,05,033,6.8363,0,0.8
G,05,034,1.75,0,0.5263
G,05,035,1.5187,0,0.5455
G,05,036,1.8306,0,0.619
G,05,037,1.6461,0,0.625
G,05,038,2.1838,0,0.5714
G,05,039,3.0815,0,0.25
G,05,040,2.3681,0,0.3636
G,05,041,4.9568,0,0.6
G,05,042,3.1381,0,0.625
G,05,043,1.66,0,0.5
G,05,044,1.9409,0,0.3077
G,05,045,2.3156,0,0.04348
G,05,046,1.5151,0,0.4545
G,05,047,3.2219,0,0.5
G,05,048,2.7482,0,0.2222
G,05,049,3.0155,0,0.3333
G,05,050,3.6641,0,0.75
G,05,051,9.136,0,0.1667
G,05,052,6.2456,0,0.25
G,05,053,4.4365,0,0.4545
G,05,054,1.3188,0,0.5
G,05,055,1.2803,0,0.5714
G,05,056,12.958,0,0.1667
G,05,057,5.0152,0,0.3333
G,05,058,13.7728,0,0.8
G,05,059,19.748,0,0.25
G,05,060,16.1185,0,0.1429
G,05,061,2.9461,0,0.6667
G,05,062,3.5322,0,0.5
G,05,063,1.3918,0,0.3
G,05,064,1.5533,0,0.4667
G,05,065,7.7508,0,0.6667
G,05,066,19.7172,0,1
G,05,067,19.1803,0,0.3333
G,05,068,20.3758,0,1
G,05,069,19.8572,0,1
G,05,070,19.3407,0,0.125
G,05,071,2.2653,0,0.2857
G,05,072,1.4643,0,0.1875
G,05,073,1.9265,0,0.4545
G,05,074,4.9185,0,0.75
G,05,075,20.0087,0,0.2
G,05,076,19.5701,0,0.3333
G,05,077,20.0897,0,1
G,05,078,4.5208,0,0.25
G,05,079,4.6757,0,0.3333
G,05,080,1.1773,0,0.2727
G,05,081,1.4081,0,0.3684
G,06,001,12.8112,0,0.3333
G,06,002,14.3053,0,0.5385
G,06,003,10.6774,0,0.2727
G,06,004,14.6044,0,0.5
G,06,005,14.219,0,0.2857
G,06,006,9.3919,0,0.2917
G,06,007,6.0763,0,0.1613
G,06,008,6.5576,0,0.4062
G,06,009,5.9802,0,0.2143
G,06,010,13.6275,0,0.3333
G,06,011,16.1201,0,0.3333
G,06,012,11.5849,0,0.6667
G,06,013,13.0535,0,0.2727
G,06,014,8.2414,0,0.1429
G,06,015,13.863,0,0.3529
G,06,016,16.4046,0,0.3636
G,06,017,7.6112,0,0.5882
G,06,018,5.2522,0,0.1714
G,06,019,10.924,0,0.6
G,06,020,19.6202,0,0.1667
G,06,021,16.2145,0,0.4
G,06,022,15.4367,0,0.3
G,06,023,16.5351,0,0.3077
G,06,024,14.5001,0,0.4167
G,06,025,16.135,0,0.5
G,06,026,8.9748,0,0.3125
G,06,027,8.1468,0,0.2
G,06,028,17.4351,0,0.3333
G,06,029,17.612,0,0.2
G,06,030,16.425,0,0.1538
G,06,031,16.0211,0,0.375
G,06,032,16.7235,0,0.25
G,06,033,14.6723,0,0.8333
G,06,034,19.8158,0,0.1667
G,06,035,15.9295,0,0.6667
G,06,036,13.9923,0,1
G,06,037,17.508,0,0.2
G,06,038,18.2198,0,0.1111
G,06,039,16.3391,0,1
G,06,040,15.2511,0,0.5
G,06,041,10.7782,0,0.6667
G,06,042,17.0028,0,0.1667
G,06,043,20.4066,0,0.2
G,06,044,20.7455,0,0.3333
G,06,045,16.8625,0,0.08333
G,06,046,13.0939,0,0.5714
G,06,047,17.7446,0,0.2
G,06,048,20.3563,0,0.25
G,06,049,11.9302,0,0.25
G,06,050,20.6541,0,0.5
G,06,051,20.6463,0,1
G,06,052,20.9172,0,0.3333
G,06,053,19.7262,0,0.1429
G,06,054,20.2085,0,0.2
G,06,055,20.4279,0,0.5
G,06,056,20.0699,0,1
G,06,057,20.366,0,0.2
G,06,058,20.8863,0,0.25
G,06,059,20.8154,0,1
G,06,060,21.431,0,0.3333
G,06,061,20.622,0,0.3333
G,06,062,17.2196,0,0.25
G,06,063,17.8322,0,0.1429
G,06,064,19.2105,0,1
G,06,065,20.3958,0,0.2
G,06,066,20.5981,0,0.5
G,06,067,20.7435,0,0.2857
G,06,069,22.4133,0.00009537,0.3333
G,06,070,18.6829,0,1
G,06,071,14.2745,0,0.125
G,06,072,11.2847,0,0.5
G,06,073,15.4707,0,0.75
G,06,074,20.1404,0,0.5
G,06,075,20.0032,0,0.1667
G,06,076,18.6071,0,0.4
G,06,077,15.7068,0,0.25
G,06,078,15.6178,0,0.6
G,06,079,10.0696,0,0.5833
G,06,080,13.3973,0,0.5
G,06,081,4.9633,0,0.303
G,07,001,10.9244,0,0.1875
G,07,002,16.5891,0,0.2222
G,07,003,10.8332,0,0.1538
G,07,004,12.175,0,0.2857
G,07,005,11.0211,0,0.4
G,07,006,8.6795,0,0.1429
G,07,007,12.9012,0,0.6667
G,07,008,13.9551,0,0.625
G,07,009,7.7519,0,0.2683
G,07,010,13.9623,0,0.4
G,07,011,14.5173,0,0.2
G,07,012,8.7329,0,0.16
G,07,013,12.9581,0,0.2857
G,07,014,13.3848,0,0.75
G,07,015,12.8806,0,0.1875
G,07,016,15.8705,0,0.6
G,07,017,12.1963,0,0.3333
G,07,018,9.1842,0,0.05263
G,07,019,12.6614,0,0.8333
G,07,020,11.7973,0,0.3333
G,07,021,12.9427,0,0.5
G,07,022,10.3067,0,0.1429
G,07,023,13.6404,0,0.5385
G,07,024,15.3323,0,0.1429
G,07,025,11.9745,0,1
G,07,026,12.7693,0,0.1429
G,07,027,12.3047,0,0.2857
G,07,028,8.6313,0,0.2609
G,07,029,10.0745,0,0.4167
G,07,030,10.2196,0,0.3846
G,07,031,7.1445,0,0.06667
G,07,032,11.6646,0,0.1
G,07,033,15.2031,0,0.3333
G,07,034,15.1868,0,0.4
G,07,035,18.4529,0,0.1818
G,07,036,13.0365,0,0.4
G,07,037,8.2447,0,0.28
G,07,038,12.4737,0,0.2308
G,07,039,10.708,0,0.7273
G,07,040,12.4013,0,0.4167
G,07,041,14.2274,0,0.09091
G,07,042,13.4132,0,0.6
G,07,043,16.2472,0,0.5714
G,07,044,21.2221,0,0.125
G,07,045,13.3112,0,0.5
G,07,046,10.2423,0,0.5
G,07,047,15.5694,0,0.375
G,07,048,15.9874,0,0.3636
G,07,049,10.7445,0,0.2857
G,07,050,17.5666,0,0.09091
G,07,051,20.0959,0,0.3
G,07,052,20.0799,0,0.2
G,07,053,18.4551,0,0.5
G,07,054,14.3237,0,0.1667
G,07,055,5.6685,0,0.02857
G,07,056,12.0269,0,0.6
G,07,057,16.714,0,0.3333
G,07,058,16.3251,0,0.375
G,07,059,10.5983,0,0.375
G,07,060,15.3594,0,0.6
G,07,061,21.1255,0,1
G,07,062,20.8561,0,0.25
G,07,063,17.9529,0,0.5556
G,07,064,6.0939,0,0.1053
G,07,065,7.78,0,0.2632
G,07,066,18.7438,0,0.3333
G,07,067,17.2679,0,0.2222
G,07,068,20.453,0,1
G,07,069,19.8554,0,0.1667
G,07,070,20.0573,0,0.6667
G,07,071,19.4296,0,0.2
G,07,072,9.3451,0,0.4545
G,07,073,4.8254,0,0.2769
G,07,074,5.9356,0,0.2
G,07,075,14.8882,0,0.4
G,07,076,18.4893,0,0.5
G,07,077,16.552,0,0.25
G,07,078,15.9238,0,0.4545
G,07,079,17.1376,0,0.3333
G,07,080,2.5926,0,0.3333
G,07,081,9.4677,0,0.1765
G,08,001,19.8088,0,0.4
G,08,002,18.7902,0,0.25
G,08,003,19.0417,0,0.5
G,08,004,18.4336,0,0.125
G,08,005,19.8987,0,0.25
G,08,006,19.8557,0,0.25
G,08,007,19.8881,0,0.3333
G,08,008,18.3746,0,0.04545
G,08,009,16.2908,0,0.09091
G,08,010,19.6276,0,0.25
G,08,011,19.6757,0,0.1667
G,08,012,18.8182,0,0.1
G,08,013,16.3814,0,0.2
G,08,015,17.1591,0,0.08333
G,08,016,18.4269,0,0.1
G,08,017,17.068,0,0.1667
G,08,018,15.6225,0,0.08333
G,08,019,20.0478,0,0.25
G,08,020,18.4518,0,0.1429
G,08,021,20.0471,0,0.3333
G,08,022,15.9875,0,0.2
G,08,023,17.5714,0,0.1429
G,08,024,17.0525,0,0.07692
G,08,025,17.5748,0,0.2222
G,08,026,16.962,0,0.08333
G,08,028,19.4676,0.00009537,0.125
G,08,029,18.5283,0,0.125
G,08,030,19.8312,0,0.1111
G,08,031,16.4825,0,0.07692
G,08,032,13.1095,0,0.05882
G,08,033,18.6107,0,0.0625
G,08,034,9.6265,0,0.3333
G,08,035,7.5698,0,0.3333
G,08,036,17.0489,0,0.05882
G,08,037,19.5381,0,0.1
G,08,038,19.0142,0,0.2
G,08,039,18.8196,0,0.1667
G,08,040,16.279,0,0.05263
G,08,041,16.2119,0,0.08333
G,08,042,17.4399,0,0.3333
G,08,043,9.5066,0,1
G,08,044,15.7553,0,0.1538
G,08,045,18.4643,0,0.1
G,08,046,13.1276,0,0.1429
G,08,047,18.9331,0,0.1667
G,08,048,19.7948,0,0.125
G,08,049,18.9583,0,0.2
G,08,050,16.2297,0,0.2
G,08,051,19.8367,0,0.1667
G,08,052,19.0708,0,0.25
G,08,053,15.6001,0,0.0625
G,08,054,16.6365,0,0.06667
G,08,055,13.0031,0,0.1667
G,08,056,17.7353,0,0.125
G,08,057,20.1605,0,0.2
G,08,058,19.7081,0,0.09091
G,08,059,16.8582,0,0.1
G,08,060,19.1704,0,0.1667
G,08,061,18.9421,0,0.2
G,08,062,16.6877,0,0.4
G,08,063,16.9858,0,0.05556
G,08,064,18.4447,0,0.0625
G,08,065,16.8878,0,0.06667
G,08,066,17.7624,0,0.06667
G,08,067,17.6905,0,0.09091
G,08,068,18.1283,0,0.1429
G,08,069,18.1316,0,0.1429
G,08,070,19.1718,0,0.07692
G,08,071,18.6017,0,0.06667
G,08,072,15.7442,0,0.07143
G,08,073,15.5935,0,0.09091
G,08,074,16.5845,0,0.05263
G,08,075,16.1195,0,0.05556
G,08,076,17.6816,0,0.06667
G,08,077,17.9157,0,0.2857
G,08,079,16.9944,0.00009537,0.0625
G,08,080,17.1991,0,0.2
G,08,081,15.8701,0,0.06667
G,09,001,18.1968,0,0.125
G,09,002,18.0336,0,0.1
G,09,003,18.6944,0,0.07692
G,09,004,19.2582,0,0.09091
G,09,005,16.6383,0,0.05882
G,09,006,16.162,0,0.07143
G,09,007,16.2064,0,0.05556
G,09,008,16.4512,0,0.2
G,09,009,17.1349,0,0.0625
G,09,010,18.7938,0,0.25
G,09,011,18.36,0,0.2
G,09,012,18.4761,0,0.09091
G,09,014,17.8817,0.00009537,0.125
G,09,015,19.0451,0,0.05263
G,09,016,18.6879,0,0.07143
G,09,017,17.9612,0,0.04545
G,09,018,16.9542,0,0.0625
G,09,019,19.0712,0,0.1
G,09,020,19.1882,0,0.25
G,09,021,19.1989,0,0.125
G,09,022,18.1647,0,0.1667
G,09,023,16.7525,0,0.06667
G,09,024,17.0302,0,0.04545
G,09,025,18.8906,0,0.06667
G,09,026,18.8313,0,0.05263
G,09,027,17.3339,0,0.1538
G,09,028,17.9352,0,0.1111
G,09,029,18.6758,0,0.3333
G,09,030,19.2384,0,0.08333
G,09,031,17.7118,0,0.1111
G,09,032,19.5486,0,0.1
G,09,033,17.2061,0,0.1176
G,09,034,16.9294,0,0.05263
G,09,035,17.5944,0,0.07143
G,09,036,16.7376,0,0.05263
G,09,037,22.2858,0,0.125
G,09,038,17.7941,0,0.3333
G,09,039,19.2716,0,0.1
G,09,040,17.7497,0,0.1111
G,09,041,18.6503,0,0.05
G,09,042,16.1216,0,0.1
G,09,043,16.5396,0,0.05263
G,09,044,17.5961,0,0.04167
G,09,045,16.4061,0,0.1
G,09,046,21.6047,0,0.25
G,09,047,18.6469,0,0.1429
G,09,048,17.3344,0,0.1429
G,09,049,19.9972,0,0.08333
G,09,050,18.454,0,0.05263
G,09,051,17.2512,0,0.06667
G,09,052,17.4462,0,0.0303
G,09,053,16.6791,0,0.08333
G,09,054,17.4221,0,0.05263
G,09,055,19.1003,0,0.25
G,09,056,19.6175,0,0.3333
G,09,057,20.5854,0,0.1429
G,09,058,13.4522,0,0.1667
G,09,059,17.1163,0,0.05882
G,09,060,19.8772,0,0.04762
G,09,061,18.6031,0,0.03704
G,09,062,16.6939,0,0.07143
G,09,063,13.1959,0,0.6
G,09,064,19.2499,0,0.1667
G,09,065,20.226,0,0.1667
G,09,066,12.4694,0,0.0625
G,09,067,20.2929,0,0.1111
G,09,068,19.951,0,0.08333
G,09,069,17.9853,0,0.05556
G,09,070,18.4407,0,0.07692
G,09,071,20.0387,0,0.09091
G,09,072,17.664,0,0.1111
G,09,073,17.1416,0,0.25
G,09,074,18.8473,0,0.1111
G,09,075,20.5947,0,0.1
G,09,076,19.6559,0,0.07692
G,09,077,19.2128,0,0.1111
G,09,078,20.1077,0,0.1667
G,09,079,16.9877,0,0.1111
G,09,080,13.09,0,0.09091
G,09,081,17.8723,0,0.125
